상품명,스펙목록,가격
베이스어스 차량용 청소기 A3 (해외구매),"차량용청소기 / 무선 / 흡입력: 15,000Pa / 최대출력: 135W / 헤파필터 / 추가노즐: 틈새, 솔브러쉬 / LED라이트 / 사용시간: 45분 / 배터리 잔량표시 / 소음: 75dB / 충전방식: USB C타입 / 충전시간: 3~5시간 / 색상: 블랙, 실버 / 크기: 296x56.5mm",47510
LG전자 오브제컬렉션 코드제로 A9S AU9982,핸디스틱청소기 / 무선형 / 흡입+물걸레겸용 / 흡입력: 220W / [구성] 와이드바닥 / 스팀물걸레 / 침구 / 솔형 / 틈새 / 올인원타워 / [배터리] 분리형 (2개) / 충전시간: 4시간 / 사용시간: 1시간 / [성능] 스마트인버터모터 / 헤파필터 / 5단계여과 / [기능] IoT기능 / 디스플레이표시창 / 자동물공급 / LED라이트 / 자동먼지비움 / [부가] 색상: 카밍베이지 / 무게: 2.7kg / 크기(가로x세로x깊이): 300x1120x260mm,1019160
샤오미 미지아 차량용 핸디 무선 청소기 (해외구매),"차량용청소기 / 무선 / 흡입력: 13,000Pa / 최대출력: 120W / 헤파필터 / 추가노즐: 틈새, 솔브러쉬 / 사용시간: 9~30분 / 버튼 잠금 장치 / 2단 세기 조절 / 크기: 55x267mm / 무게: 500g",38990
LG전자 오브제컬렉션 코드제로 A9S AU9882,핸디스틱청소기 / 무선형 / 흡입+물걸레겸용 / 흡입력: 220W / [구성] 와이드바닥 / 스팀물걸레 / 솔형 / 틈새 / 올인원타워 / [배터리] 분리형 (2개) / 충전시간: 4시간 / 사용시간: 1시간 / [성능] 스마트인버터모터 / 헤파필터 / 5단계여과 / [기능] IoT기능 / 디스플레이표시창 / 자동물공급 / LED라이트 / 자동먼지비움 / [부가] 색상: 카밍베이지 / 무게: 2.7kg / 크기(가로x세로x깊이): 300x1120x260mm,894400
삼성전자 비스포크 제트 VS20A956A3,"핸디스틱청소기 / 무선형 / 흡입전용 / 흡입력: 210W / [구성] 바닥 / 솔형 / 틈새 / 연장툴 / 일체형청정스테이션 / [배터리] 분리형 (1개) / 충전시간: 3시간30분 / 사용시간: 1시간 / [성능] 디지털인버터모터 / 5단계여과 / [기능] 물걸레(별도구매) / 디스플레이표시창 / 자동물공급 / 배터리잔량표시 / 자동먼지비움 / [부가] 먼지통용량: 0.5L / 물통용량: 0.15L / 색상: 미드나잇블루 / 무게: 2.5kg / 크기(가로x세로x깊이): 250x930x202mm / 출시가: 1,150,000원",492190
아이오랩 아이클린 무선 미니 핸디 청소기,"차량용청소기 / 무선 / 흡입력: 10,000Pa / 최대출력: 65W / 헤파필터 / 스테인리스 필터 / 추가노즐: 틈새, 솔브러쉬 / 사용시간: 45분 / 충전방식: USB C타입 / 배터리용량: 7,200mAh / 크기: 253x57mm / 무게: 470g",59200
LG전자 코드제로 A9S AT9271,핸디스틱청소기 / 무선형 / 흡입+물걸레겸용 / 흡입력: 210W / [구성] 바닥 / 물걸레 / 솔형 / 틈새 / 올인원타워 / [배터리] 분리형 (1개) / 충전시간: 4시간 / 사용시간: 1시간 / [성능] 스마트인버터모터 / 분리형배기필터 / 헤파필터 / 5단계여과 / [기능] IoT기능 / 자동물공급 / 배터리잔량표시 / 자동먼지비움 / [부가] 색상: 아이언그레+딥그레이 / 무게: 2.6kg / 크기(가로x세로x깊이): 250x1120x260mm,633330
일렉트로룩스 에르고라피도 ZB3512IG,핸디스틱청소기 / 무선형 / 흡입전용 / [구성] 바닥 / 솔형 / 틈새 / 긴틈새 / [배터리] 내장형 / 충전시간: 4시간 / 사용시간: 35분 / [성능] 4단계여과 / [기능] 셀프스탠딩 / LED라이트 / 배터리잔량표시 / [부가] 먼지통용량: 0.42L / 색상: 아이언그레이 / 무게: 2.5kg / 크기(가로x세로x깊이): 299x689x165mm,184270
삼성전자 비스포크 제트 VS20B956D5,핸디스틱청소기 / 무선형 / 흡입+물걸레겸용 / 흡입력: 220W / [구성] 바닥 / 물걸레 / 솔형 / 틈새 / 연장툴 / 일체형청정스테이션 / [배터리] 분리형 (1개) / 충전시간: 3시간30분 / 사용시간: 1시간 / [성능] 디지털인버터모터 / 5단계여과 / [기능] IoT기능 / 디스플레이표시창 / 자동물공급 / LED라이트 / 배터리잔량표시 / 자동먼지비움 / [부가] 먼지통용량: 0.5L / 색상: 산토리니베이지 / 크기(가로x세로x깊이): 250x930x202mm,605950
LG전자 오브제컬렉션 코드제로 A9S AO9571,"핸디스틱청소기 / 무선형 / 흡입+물걸레겸용 / 흡입력: 210W / [구성] 바닥 / 물걸레 / 침구 / 솔형 / 틈새 / 올인원타워 / [배터리] 분리형 (2개) / 충전시간: 4시간 / 사용시간: 1시간 / [성능] 스마트인버터모터 / 분리형배기필터 / 헤파필터 / 5단계여과 / [기능] IoT기능 / 자동물공급 / 배터리잔량표시 / 자동먼지비움 / [부가] 색상: 카밍베이지 / 무게: 2.6kg / 크기(가로x세로x깊이): 250x1120x260mm / 출시가: 1,650,000원",756710
샤오미 드리미 V11,핸디스틱청소기 / 무선형 / 흡입전용 / 흡입력: 150AW / 흡입력: 25000Pa / [구성] 바닥 / 침구 / 솔형 / 틈새 / 연장툴 / 거치대 / [배터리] 충전시간: 4시간 / 사용시간: 1시간30분 / [성능] BLDC모터 / 5단계여과 / [기능] 물걸레(별도구매) / 디스플레이표시창 / [부가] 먼지통용량: 0.5L / 색상: 레드 / 무게: 1.6kg / 크기(가로x세로): 202x1226mm,183710
샤오미 CLEANFLY 차량용 무선 청소기 4세대 H2 (해외구매),"차량용청소기 / 무선 / 흡입력: 16,800Pa / 최대출력: 120W / 헤파필터 / 스테인리스 필터 / 추가노즐: 틈새, 솔브러쉬, 연장호스 / 사용시간: 30분 / 소음: 73.8dB / 충전방식: USB C타입 / 배터리용량: 2,000mAh / 색상: 블랙, 화이트 / 크기: 369x72mm / 무게: 560g",61840
삼성전자 제트 VS20T92K3QD,핸디스틱청소기 / 무선형 / 흡입전용 / 흡입력: 200W / [구성] 바닥 / 솔형 / 틈새 / 거치대 / 청정스테이션 / [배터리] 분리형 (1개) / 충전시간: 3시간30분 / 사용시간: 1시간 / [성능] 인버터모터 / 헤파필터 / 5단계여과 / [기능] 물걸레(별도구매) / 디스플레이표시창 / 프리볼트 / [부가] 먼지통용량: 0.6L / 색상: 티탄/그레이 / 무게: 2.64kg / 크기(가로x세로x깊이): 250x1123x215mm,381650
샤오미 미지아 차량용 핸디 무선 청소기 SSXCQ01XY,"차량용청소기 / 무선 / 흡입력: 13,000Pa / 최대출력: 120W / 헤파필터 / 추가노즐: 틈새, 솔브러쉬 / 사용시간: 9~30분 / 버튼 잠금 장치 / 2단 세기 조절 / 크기: 55x267mm / 무게: 500g",52710
삼성전자 비스포크 제트 VS20B956AX,핸디스틱청소기 / 무선형 / 흡입전용 / 흡입력: 220W / [구성] 바닥 / 솔형 / 틈새 / 연장툴 / 일체형청정스테이션 / [배터리] 분리형 (1개) / 충전시간: 3시간30분 / 사용시간: 1시간 / [성능] 디지털인버터모터 / 5단계여과 / [기능] 물걸레(별도구매) / IoT기능 / 디스플레이표시창 / 자동물공급 / LED라이트 / 배터리잔량표시 / 자동먼지비움 / [부가] 먼지통용량: 0.5L / 색상: 산토리니베이지 / 크기(가로x세로x깊이): 250x930x202mm,525990
삼성전자 비스포크 제트 VS20A957D2,핸디스틱청소기 / 무선형 / 흡입+물걸레겸용 / 흡입력: 210W / [구성] 바닥 / 물걸레 / 솔형 / 틈새 / 일체형청정스테이션 / [배터리] 분리형 (2개) / 충전시간: 3시간30분 / 사용시간: 1시간 / [성능] 디지털인버터모터 / 5단계여과 / [기능] 디스플레이표시창 / 자동물공급 / 배터리잔량표시 / 자동먼지비움 / [부가] 먼지통용량: 0.5L / 색상: 미드나잇블루 / 무게: 2.5kg / 크기(가로x세로x깊이): 250x930x202mm,595850
삼성전자 비스포크 제트 VS20A956AVW,핸디스틱청소기 / 무선형 / 흡입전용 / 흡입력: 210W / [구성] 바닥 / 솔형 / 틈새 / 일체형청정스테이션 / [배터리] 분리형 (1개) / 충전시간: 3시간30분 / 사용시간: 1시간 / [성능] 디지털인버터모터 / 5단계여과 / [기능] 물걸레(별도구매) / 디스플레이표시창 / 자동물공급 / 배터리잔량표시 / 자동먼지비움 / [부가] 먼지통용량: 0.5L / 색상: 미스티화이트 / 무게: 2.5kg / 크기(가로x세로x깊이): 250x930x202mm,478710
LG전자 코드제로 A9S AS9200BA,핸디스틱청소기 / 무선형 / 흡입전용 / 흡입력: 200W / [구성] 바닥 / 솔형 / 틈새 / 거치대 / [배터리] 분리형 (1개) / 충전시간: 4시간 / 사용시간: 1시간 / [성능] 스마트인버터모터 / 5단계여과 / [기능] 물걸레(별도구매) / IoT기능 / 디스플레이표시창 / 배터리잔량표시 / [부가] 색상: 블랙 / 무게: 2.6kg / 크기(가로x세로x깊이): 250x1120x260mm,520830
다이슨 V10 앱솔루트,"핸디스틱청소기 / 무선형 / 흡입전용 / [구성] 소프트롤러 / 다이렉트드라이브 / 미니모터 / 솔형 / 더스팅 / 틈새 / 도킹스테이션 / [배터리] 충전시간: 3시간30분 / 사용시간: 1시간 / [기능] 프리볼트 / [부가] 색상: 블루, 코퍼, 블랙 / 무게: 2.5kg / 크기(가로x세로x깊이): 250x1241x256mm",556980
LG전자 오브제컬렉션 코드제로 A9S AU9802WD,핸디스틱청소기 / 무선형 / 흡입전용 / 흡입력: 220W / [구성] 와이드바닥 / 솔형 / 틈새 / 올인원타워 / [배터리] 분리형 (2개) / 충전시간: 4시간 / 사용시간: 1시간 / [성능] 스마트인버터모터 / 헤파필터 / 5단계여과 / [기능] 물걸레(별도구매) / IoT기능 / 디스플레이표시창 / 자동물공급 / LED라이트 / 자동먼지비움 / [부가] 색상: 카밍베이지 / 무게: 2.7kg / 크기(가로x세로x깊이): 300x1120x260mm,805450
삼성전자 비스포크 제트 VS20B957E5,핸디스틱청소기 / 무선형 / 흡입+물걸레겸용 / 흡입력: 220W / [구성] 바닥 / 물걸레 / 침구 / 솔형 / 틈새 / 연장툴 / 일체형청정스테이션 / [배터리] 분리형 (2개) / 충전시간: 3시간30분 / 사용시간: 1시간 / [성능] 디지털인버터모터 / 5단계여과 / [기능] IoT기능 / 디스플레이표시창 / 자동물공급 / LED라이트 / 배터리잔량표시 / 자동먼지비움 / [부가] 먼지통용량: 0.5L / 색상: 산토리니베이지 / 크기(가로x세로x깊이): 250x930x202mm,766110
아이닉 NEW i20,핸디스틱청소기 / 무선형 / 흡입전용 / 흡입력: 30000Pa / [구성] 바닥 / 침구 / 솔형 / 틈새 / [배터리] 분리형 (1개) / 충전시간: 5시간 / 사용시간: 50분 / [성능] BLDC모터 / 헤파필터 / 5단계여과 / [기능] 물걸레(별도구매) / 배터리잔량표시 / [부가] 먼지통용량: 0.5L / 색상: 블랙 / 무게: 2.5kg / 크기(가로x세로x깊이): 241x1144x211mm,169000
조아스 차량용 듀얼 무선 에어건 청소기 JVC-3000,"차량용청소기 / 무선 / 흡입력: 12,000Pa / 최대출력: 80W / 헤파필터 / 충전시간: 2시간 / 사용시간 : 20분 / 7가지 청소노즐 / 무게: 377g / 65,000RPM 회전 BLDC모터",74800
LG전자 코드제로 A9S AS9271,핸디스틱청소기 / 무선형 / 흡입+물걸레겸용 / 흡입력: 210W / [구성] 바닥 / 물걸레 / 솔형 / 틈새 / 거치대 / [배터리] 분리형 (1개) / 충전시간: 4시간 / 사용시간: 1시간 / [성능] 스마트인버터모터 / 분리형배기필터 / 헤파필터 / 5단계여과 / [기능] IoT기능 / 자동물공급 / 배터리잔량표시 / 자동먼지비움 / [부가] 색상: 아이언그레이 / 무게: 2.6kg / 크기(가로x세로x깊이): 250x1120x260mm,592050
디월트 DCPW550B,업소용청소기 / 고압세척기 / 무선형 / [부가] 색상: 옐로우,203830
인트비즈 MORUN 차량용 무선 진공 청소기 V6,"차량용청소기 / 무선 / 흡입력: 15,000Pa / 헤파필터 / 추가노즐: 틈새, 솔브러쉬, 연장호스 / 사용시간: 12분(고속),25분(저속) / 배터리 용량: 2000mAh  / 충전시간: 3.5 시간 / 크기: 54x330mm / 무게: 532g",79000
LG전자 코드제로 A9S AT9200BA,핸디스틱청소기 / 무선형 / 흡입전용 / 흡입력: 200W / [구성] 바닥 / 솔형 / 틈새 / 올인원타워 / [배터리] 분리형 (1개) / 충전시간: 4시간 / 사용시간: 1시간 / [성능] 스마트인버터모터 / 분리형배기필터 / 헤파필터 / 5단계여과 / [기능] 물걸레(별도구매) / IoT기능 / 자동물공급 / 배터리잔량표시 / 자동먼지비움 / [부가] 색상: 블랙+딥그레이 / 무게: 2.6kg / 크기(가로x세로x깊이): 250x1120x260mm,571000
로엘 듀스핀3 PRO,물걸레청소기 / 회전식 / 물걸레전용 / 무선형 / [배터리] 충전시간: 4시간 / 사용시간: 3시간 / [기능] 물분사 / 각도조절 / 셀프스탠딩 / [부가] 먼지통용량: 0.24L / 색상: 화이트 / 무게: 1.99kg / 자동세척탈수 / 크기(가로x세로x깊이): 360x1160x170mm,179780
다이슨 V12 디텍트 슬림 컴플리트,"핸디스틱청소기 / 무선형 / 흡입전용 / 흡입력: 150AW / [구성] 레이저슬림플러피 / 다이렉트드라이브 / 헤어스크류 / 솔형 / 더스팅 / 스터번더트 / 틈새 / 거치대 / 도킹스테이션 / [배터리] 분리형 (1개) / 충전시간: 3시간30분 / 사용시간: 1시간 / [성능] 헤파필터 / [기능] 디스플레이표시창 / 먼지감지센서 / [부가] 먼지통용량: 0.35L / 색상: 옐로우/아이언/니켈, 골드/골드 / 무게: 2.2kg / 크기(가로x세로x깊이): 250x1095x251mm",807700
삼성전자 제트 VS15R8577Q5CW,핸디스틱청소기 / 무선형 / 흡입+물걸레겸용 / 흡입력: 150W / [구성] 바닥 / 물걸레 / 솔형 / 틈새 / 거치대 / 청정스테이션 / [배터리] 분리형 (2개) / 충전시간: 3시간30분 / 사용시간: 1시간 / [성능] 인버터모터 / 헤파필터 / 5단계여과 / [기능] 디스플레이표시창 / 프리볼트 / [부가] 먼지통용량: 0.5L / 색상: 틸실버 / 무게: 2.64kg / 크기(가로x세로x깊이): 250x1123x215mm,378900
아이닉 i30 아이타워,핸디스틱청소기 / 무선형 / 흡입전용 / 흡입력: 35000Pa / [구성] 바닥 / 침구 / 솔형 / 틈새 / 거치대 / 청정스테이션 / [배터리] 분리형 (1개) / 사용시간: 50분 / [성능] BLDC모터 / 헤파필터 / 2단계여과 / [기능] 물걸레(별도구매) / 디스플레이표시창 / 먼지감지센서 / LED라이트 / 자동먼지비움 / [부가] 먼지통용량: 0.4L / 무게: 2.5kg / 크기(가로x세로x깊이): 313x628x143mm,269000
삼성전자 제트 VS20T92K0BF,핸디스틱청소기 / 무선형 / 흡입전용 / 흡입력: 200W / [구성] 바닥 / 솔형 / 틈새 / 거치대 / 청정스테이션 / [배터리] 분리형 (1개) / 충전시간: 3시간30분 / 사용시간: 1시간 / [성능] 인버터모터 / 헤파필터 / 5단계여과 / [기능] 물걸레(별도구매) / 디스플레이표시창 / 프리볼트 / [부가] 먼지통용량: 0.6L / 색상: 코타블랙 / 무게: 2.64kg / 크기(가로x세로x깊이): 250x1123x215mm,394740
샤오미 미지아 K10,핸디스틱청소기 / 무선형 / 흡입전용 / 흡입력: 150AW / [구성] 바닥 / 침구 / 솔형 / 틈새 / 연장툴 / 거치대 / [배터리] 분리형 (1개) / 충전시간: 4시간 / 사용시간: 1시간5분 / [성능] BLDC모터 / 헤파필터 / 5단계여과 / [기능] 디스플레이표시창 / [부가] 먼지통용량: 0.5L / 물통용량: 0.25L,166230
LG전자 오브제컬렉션 코드제로 A9S AU9602WD,핸디스틱청소기 / 무선형 / 흡입전용 / 흡입력: 220W / [구성] 와이드바닥 / 솔형 / 틈새 / 올인원타워 / [배터리] 분리형 (1개) / 충전시간: 4시간 / 사용시간: 1시간 / [성능] 스마트인버터모터 / 헤파필터 / 5단계여과 / [기능] 물걸레(별도구매) / IoT기능 / 디스플레이표시창 / 자동물공급 / LED라이트 / 자동먼지비움 / [부가] 색상: 카밍베이지 / 무게: 2.7kg / 크기(가로x세로x깊이): 300x1120x260mm,785570
아이닉 무선 미니 청소기 imini,"차량용청소기 / 무선 / 흡입력: 5,000Pa / 최대출력: 75W / 헤파필터 / 추가노즐: 틈새, 솔브러쉬, 연장호스 / 사용시간: 20분 / 충전시간: 4~5시간 / 충전방식: USB C타입 / 배터리용량: 2,000mAh / 크기: 50x235mm / 무게: 428g",43900
LG전자 오브제컬렉션 코드제로 A9S AU9872MPD,핸디스틱청소기 / 무선형 / 흡입+물걸레겸용 / 흡입력: 220W / [구성] 와이드바닥 / 물걸레 / 펫 / 솔형 / 틈새 / 올인원타워 / [배터리] 분리형 (2개) / 충전시간: 4시간 / 사용시간: 1시간 / [성능] 스마트인버터모터 / 헤파필터 / 5단계여과 / [기능] IoT기능 / 디스플레이표시창 / 자동물공급 / LED라이트 / 자동먼지비움 / [부가] 색상: 클레이블루 / 무게: 2.7kg / 크기(가로x세로x깊이): 300x1120x260mm,897380
다이슨 V10 플러피 오리진,핸디스틱청소기 / 무선형 / 흡입전용 / 흡입력: 151AW / [구성] 소프트롤러 / 미니모터 / 솔형 / 더스팅 / 틈새 / 도킹스테이션 / [배터리] 충전시간: 3시간30분 / 사용시간: 1시간 / [부가] 먼지통용량: 0.5L / 색상: 레드 / 무게: 2.5kg / 크기(가로x세로x깊이): 256x1241x250mm,575930
다이슨 옴니 글라이드 컴플리트,핸디스틱청소기 / 무선형 / 흡입전용 / 흡입력: 50AW / [구성] 전방향플러피 / 미니모터 / 솔형 / 틈새 / 서페이스 / 연장툴 / 거치대 / 도킹스테이션 / [배터리] 분리형 (1개) / 충전시간: 3시간30분 / 사용시간: 20분 / [성능] 헤파필터 / 5단계여과 / [부가] 먼지통용량: 0.2L / 색상: 퍼플 / 무게: 1.9kg / 버튼식 / 크기(가로x세로x깊이): 208x1077x92mm,446220
로엘 듀스핀5 PRO,물걸레청소기 / 회전식 / 물걸레전용 / 무선형 / [배터리] 충전시간: 2시간30분 / 사용시간: 3시간 / [기능] 물분사 / 각도조절 / 셀프스탠딩 / 걸레자동세척 / [부가] 물통용량: 0.3L / 패드: 극세사(벨크로형) / 크기(가로x세로x깊이): 380x1210x180mm,298890
삼성전자 파워스틱 VS02R6512JG,핸디스틱청소기 / 무선형 / 흡입전용 / [구성] 바닥 / 틈새 / [배터리] 분리형 (1개) / [기능] 셀프스탠딩 / [부가] 먼지통용량: 0.25L / 색상: 뉴트럴그레이 / 무게: 2.7kg / 크기(가로x세로x깊이): 250x1130x225mm,165710
샤오미 드리미 V10,핸디스틱청소기 / 무선형 / 흡입전용 / 흡입력: 140AW / 흡입력: 22000Pa / [구성] 바닥 / 침구 / 솔형 / 틈새 / 연장툴 / 거치대 / [배터리] 충전시간: 3시간30분 / 사용시간: 1시간 / [성능] BLDC모터 / 헤파필터 / 5단계여과 / [부가] 먼지통용량: 0.5L / 색상: 화이트 / 무게: 1.5kg,156860
다이슨 V11 앱솔루트,핸디스틱청소기 / 무선형 / 흡입전용 / 흡입력: 185AW / [구성] 하이토크 / 소프트롤러 / 미니모터 / 솔형 / 더스팅 / 틈새 / 거치대 / [배터리] 분리형 (1개) / 충전시간: 4시간30분 / 사용시간: 1시간 / [성능] 헤파필터 / [기능] 디스플레이표시창 / [부가] 먼지통용량: 0.45L / 색상: 니켈 / 무게: 3kg / 크기(가로x세로x깊이): 250x1286x261mm,663980
엔뚜마노 무선 에어건 차량용 청소기 EM-AG2030,"차량용청소기 / 무선 / 최대출력: 80W / 추가노즐: 틈새, 솔브러쉬 / LED라이트 / 충전방식: USB C타입 / 배터리용량: 6,000mAh / 크기: 197x88mm / 무게: 380g",39900
LG전자 코드제로 A9S AT9270,핸디스틱청소기 / 무선형 / 흡입+물걸레겸용 / 흡입력: 200W / [구성] 바닥 / 물걸레 / 솔형 / 틈새 / 올인원타워 / [배터리] 분리형 (1개) / 충전시간: 4시간 / 사용시간: 1시간 / [성능] 스마트인버터모터 / 분리형배기필터 / 헤파필터 / 5단계여과 / [기능] IoT기능 / 자동물공급 / 배터리잔량표시 / 자동먼지비움 / [부가] 색상: 판타지실버+딥그레이 / 무게: 2.6kg / 크기(가로x세로x깊이): 250x1120x260mm,636980
일렉트로룩스 WELL Q6 WQ61-1EDB,핸디스틱청소기 / 무선형 / 흡입전용 / [구성] 바닥 / 솔형 / 더스팅 / 긴틈새 / 거치대 / [배터리] 내장형 / 충전시간: 4시간30분 / 사용시간: 45분 / [성능] 5단계여과 / [기능] 브러쉬자동청소 / 셀프스탠딩 / LED라이트 / 배터리잔량표시 / [부가] 먼지통용량: 0.3L / 색상: 데님블루 / 무게: 2.65kg / 크기(가로x세로x깊이): 258x1105x140mm,182860
일렉트로룩스 퓨어 Q9 파워프로 PQ92-3OBF,핸디스틱청소기 / 무선형 / 흡입전용 / [구성] 바닥 / 솔형 / 더스팅 / 틈새 / 거치대 / [배터리] 내장형 / 충전시간: 4시간 / 사용시간: 53분 / [성능] 5단계여과 / [기능] 셀프스탠딩 / LED라이트 / 배터리잔량표시 / [부가] 먼지통용량: 0.3L / 색상: 인디고블루 / 무게: 2.89kg / 크기(가로x세로x깊이): 256x1097x155mm,305290
오아 클린듀얼 차량용 청소기 OCL-028BK,"차량용청소기 / 무선 / 흡입력: 15,000~Pa / 2중필터 / 헤파필터 / 추가노즐: 틈새, 솔브러쉬, 연장호스 / 사용시간: 25분 / 충전시간: 3.5시간 / 크기: 70x54x330mm / 무게 : 520g",79000
벤딕트 차량용 핸디 무선 청소기 VDT-031,"차량용청소기 / 무선 / 흡입력: 6,000~15,000Pa / 최대출력: 120W / 헤파필터 / 스테인리스 필터 / 추가노즐: 틈새, 솔브러쉬 / 사용시간: 18~50분 / 충전방식: USB C타입 / 배터리용량: 7,500mAh / 크기: 294x55x55mm / 무게: 500g",87000
DIBEA 차이슨 ALLNEW22000 스노우화이트,핸디스틱청소기 / 무선형 / 흡입+물걸레겸용 / 흡입력: 40000Pa / [구성] 바닥 / 물걸레 / 침구 / 솔형 / 틈새 / 연장툴 / 거치대 / [배터리] 내장형 / 충전시간: 4~5시간 / 사용시간: 40분 / [성능] BLDC모터 / 헤파필터 / 4단계여과 / [기능] LED라이트 / 배터리잔량표시 / [부가] 먼지통용량: 0.55L / 색상: 스노우화이트 / 무게: 2.2kg / 크기(가로x세로x깊이): 240x1040x212mm,197490
비쎌(BISSELL) 크로스웨이브 3.0 PRO 2765Z,"물걸레청소기 / 롤러식 / 물걸레+진공 / 무선형 / [배터리] 사용시간: 30분 / [기능] 배터리잔량표시 / 걸레자동세척 / [부가] 물통용량: 정수: 0.828L, 오수: 0.55L / 크기(가로x세로x깊이): 265x1125x65mm",183250
리하스 차량용 미니 무선 청소기 TEB-4120,"차량용청소기 / 무선 / 흡입력: 15,000Pa / 최대출력: 120W / 헤파필터 / 스테인리스 필터 / 추가노즐: 틈새, 솔브러쉬, 연장호스 / 사용시간: 15~28분 / 충전시간: 4~5시간 / 색상: 블랙, 스카이블루, 화이트 / 크기: 415mm / 무게: 520g",86500
삼성전자 비스포크 제트 VS20B956BUE,핸디스틱청소기 / 무선형 / 흡입전용 / 흡입력: 220W / [구성] 바닥 / 침구 / 솔형 / 틈새 / 일체형청정스테이션 / [배터리] 분리형 (1개) / 충전시간: 3시간30분 / 사용시간: 1시간 / [성능] 디지털인버터모터 / 5단계여과 / [기능] 물걸레(별도구매) / IoT기능 / 디스플레이표시창 / 자동물공급 / LED라이트 / 배터리잔량표시 / 자동먼지비움 / [부가] 먼지통용량: 0.5L / 색상: 산토리니베이지 / 크기(가로x세로x깊이): 250x930x202mm,552360
일렉트로룩스 얼티밋홈 900 EFP91813,핸디스틱청소기 / 무선형 / 흡입전용 / [구성] 바닥 / 솔형 / 틈새 / 업탑어댑터 / 거치대 / [배터리] 분리형 (1개) / 충전시간: 1시간38분 / 사용시간: 1시간 / [성능] 인버터모터 / 5단계여과 / [기능] 물걸레(별도구매) / 디스플레이표시창 / LED라이트 / 배터리잔량표시 / [부가] 먼지통용량: 0.4L / 색상: 그라나이트그레이 / 무게: 2.88kg / 크기(가로x세로x깊이): 260x1120x260mm,299000
다이슨 Gen5 디텍트™ 컴플리트,핸디스틱청소기 / 무선형 / 흡입전용 / 흡입력: 262AW / [구성] 플러피옵틱클리너 / 헤어스크류 / 미니모터 / 긴틈새 / 거치대 / [배터리] 분리형 (1개) / 충전시간: 4시간30 / 사용시간: 1시간10분 / [성능] 헤파필터 / [기능] 디스플레이표시창 / 먼지감지센서 / [부가] 먼지통용량: 0.77L / 색상: 퍼플/퍼플 / 무게: 3.5kg / 크기(가로x세로x깊이): 276x1276x250mm,1225460
샤오미 LYDSTO 차량용 무선 청소기 H2 (해외구매),"차량용청소기 / 무선 / 흡입력: 16,000Pa / 최대출력: 120W / 헤파필터 / 추가노즐: 틈새, 솔브러쉬 / 사용시간: 32분 / 소음: 85dB 미만 / 충전방식: USB C타입 / 색상: 블랙, 화이트 / 크기: 56x265mm",37750
일렉트로룩스 WELL Q8 WQ81-3PSGF,핸디스틱청소기 / 무선형 / 흡입전용 / [구성] 바닥 / 펫 / 솔형 / 긴틈새 / [배터리] 내장형 / 충전시간: 4시간30분 / 사용시간: 53분 / [성능] 알러지필터 / E10급 / 5단계여과 / [기능] 셀프스탠딩 / LED라이트 / [부가] 먼지통용량: 0.3L / 색상: 쉘그레이 / 무게: 2.8kg / 크기(가로x세로x깊이): 258x1105x140mm,234190
삼성전자 비스포크 제트 VS20A957D3,"핸디스틱청소기 / 무선형 / 흡입+물걸레겸용 / 흡입력: 210W / [구성] 바닥 / 물걸레 / 솔형 / 틈새 / 연장툴 / 일체형청정스테이션 / [배터리] 분리형 (2개) / 충전시간: 3시간30분 / 사용시간: 1시간 / [성능] 디지털인버터모터 / 5단계여과 / [기능] 디스플레이표시창 / 자동물공급 / 배터리잔량표시 / 자동먼지비움 / [부가] 먼지통용량: 0.5L / 색상: 미드나잇블루 / 무게: 2.5kg / 크기(가로x세로x깊이): 250x930x202mm / 출시가: 1,118,800원",587270
레모토 윈드팡 에어건 무선청소기 AD-KF80,"차량용청소기 / 무선 / 흡입력: 최대 9,000Pa / 헤파필터 / 추가노즐: 틈새, 솔브러쉬 / 사용시간: 최대 25분 / 충전시간: 약3.5시간 / 크기: 334x80x80mm / 무게: 625g",68000
샤오미 미홀 M22,핸디스틱청소기 / 무선형 / 흡입전용 / 바닥 / 침구 / 솔형 / 틈새 / 거치대 / [배터리] 분리형 (1개) / 충전시간: 5시간 / [성능] BLDC모터 / 헤파필터 / [기능] 물걸레(별도구매) / LED라이트 / [부가] 먼지통용량: 0.6L / 무게: 1.5kg / 크기(가로x세로x깊이): 240x1040x204mm,168290
샤오미 SWDK-D260,물걸레청소기 / 왕복식 / 물걸레전용 / 무선형 / [배터리] 리튬이온 / 충전시간: 3시간 / 사용시간: 50분 / [기능] 물분사 / LED라이트 / [부가] 색상: 화이트 / 무게: 2.4kg,59750
픽스 차량용 휴대용 무선 에어건 청소기 XVC-301,"차량용청소기 / 무선 / 흡입력: 5,000Pa / 헤파필터 / 추가노즐: 틈새, 솔브러쉬 / LED라이트 / 사용시간: 15분 / 색상: 블랙, 화이트 / 크기: 258x57X57mm / 무게: 300g / 소음: 70dB",39800
LG전자 오브제컬렉션 코드제로 A9S AO9471WKT,핸디스틱청소기 / 무선형 / 흡입+물걸레겸용 / 흡입력: 210W / [구성] 바닥 / 물걸레 / 솔형 / 틈새 / 올인원타워 / [배터리] 분리형 (2개) / 충전시간: 4시간 / 사용시간: 1시간 / [성능] 스마트인버터모터 / 분리형배기필터 / 헤파필터 / 5단계여과 / [기능] IoT기능 / 자동물공급 / 배터리잔량표시 / 자동먼지비움 / [부가] 색상: 카밍베이지 / 무게: 2.6kg / 크기(가로x세로x깊이): 250x1120x260mm,751600
LG전자 오브제컬렉션 코드제로 A9 AU9572WD,핸디스틱청소기 / 무선형 / 흡입+물걸레겸용 / 흡입력: 220W / [구성] 바닥 / 물걸레 / 침구 / 솔형 / 틈새 / 올인원타워 / [배터리] 분리형 (2개) / 충전시간: 4시간 / 사용시간: 1시간 / [성능] 스마트인버터모터 / 헤파필터 / 5단계여과 / [기능] IoT기능 / 디스플레이표시창 / 자동물공급 / LED라이트 / 자동먼지비움 / [부가] 색상: 카밍베이지 / 무게: 2.5kg / 크기(가로x세로x깊이): 250x1120x260mm / 올인원타워 1.0,1180800
삼성전자 비스포크 제트 VS20A957E3,핸디스틱청소기 / 무선형 / 흡입+물걸레겸용 / 흡입력: 210W / [구성] 바닥 / 물걸레 / 침구 / 솔형 / 틈새 / 연장툴 / 일체형청정스테이션 / [배터리] 분리형 (2개) / 충전시간: 3시간30분 / 사용시간: 1시간 / [성능] 디지털인버터모터 / 5단계여과 / [기능] 디스플레이표시창 / 자동물공급 / 배터리잔량표시 / 자동먼지비움 / [부가] 먼지통용량: 0.5L / 색상: 미스티화이트 / 무게: 2.5kg / 크기(가로x세로x깊이): 250x930x202mm,599430
조아스 차량용 에어건 청소기 JVC-2010,"차량용청소기 / 무선 / 흡입력: 6,500Pa / 최대출력: 60W / 헤파필터 / 추가노즐: 틈새, 솔브러쉬 / 사용시간: 20분 / 에어건 청소흡입 동시 사용/ 무게: 280g / 충전시간: 2시간",39800
샤오미 드리미 T20,핸디스틱청소기 / 무선형 / 흡입+물걸레겸용 / 흡입력: 150AW / 흡입력: 25000Pa / [구성] 바닥 / 물걸레 / 침구 / 솔형 / 틈새 / 연장툴 / 거치대 / [배터리] 분리형 (1개) / 충전시간: 4시간 / 사용시간: 1시간10분 / [성능] BLDC모터 / 헤파필터 / 5단계여과 / [부가] 먼지통용량: 0.6L / 물통용량: 0.25L / 색상: 레드 / 무게: 1.67kg / 크기(가로x세로x깊이): 259x1191x164mm,305970
DIBEA 올인원뉴,핸디스틱청소기 / 무선형 / 흡입+물걸레겸용 / 흡입력: 20000Pa / [구성] 바닥 / 물걸레 / 침구 / 솔형 / 틈새 / 연장툴 / 거치대 / [배터리] 내장형 / 충전시간: 3시간30분 / 사용시간: 50분 / [성능] BLDC모터 / 4단계여과 / [기능] 자동물공급 / LED라이트 / [부가] 먼지통용량: 0.46L / 물통용량: 0.26L / 색상: 레드 / 무게: 0.93kg / 크기(가로x세로x깊이): 245x990x185mm,179000
LG전자 코드제로 A9S AT9471,핸디스틱청소기 / 무선형 / 흡입+물걸레겸용 / 흡입력: 210W / [구성] 바닥 / 물걸레 / 솔형 / 틈새 / 올인원타워 / [배터리] 분리형 (2개) / 충전시간: 4시간 / 사용시간: 1시간 / [성능] 스마트인버터모터 / 분리형배기필터 / 헤파필터 / 5단계여과 / [기능] IoT기능 / 자동물공급 / 배터리잔량표시 / 자동먼지비움 / [부가] 색상: 판타지실버+딥그레이 / 무게: 2.6kg / 크기(가로x세로x깊이): 250x1120x260mm,735980
LG전자 코드제로 A9S AT9201IBB,핸디스틱청소기 / 무선형 / 흡입전용 / 흡입력: 210W / [구성] 바닥 / 솔형 / 틈새 / 올인원타워 / [배터리] 분리형 (1개) / 충전시간: 4시간 / 사용시간: 1시간 / [성능] 스마트인버터모터 / 헤파필터 / 5단계여과 / [기능] 물걸레(별도구매) / IoT기능 / 디스플레이표시창 / 자동먼지비움 / [부가] 색상: 아이그레이 / 크기(가로x세로x깊이): 250x1120x256m,615670
제이코스 몬스터 멀티 에어건 차량용 청소기 JM-Z5,"차량용청소기 / 무선 / 흡입력: 12,000Pa / 최대출력: 130W / 헤파필터 / 추가노즐: 솔브러쉬 / 사용시간: 30분 / 배터리:7,200mAh / 무게: 500g / 충전시간: 4~5시간",92900
일렉트로룩스 에르고라피도 파워프로 ZB3411,핸디스틱청소기 / 무선형 / 흡입전용 / [구성] 바닥 / 틈새 / 거치대 / [배터리] 내장형 / 충전시간: 4시간 / 사용시간: 48분 / [성능] 헤파필터 / 4단계여과 / [기능] 셀프스탠딩 / 배터리잔량표시 / [부가] 먼지통용량: 0.42L / 색상: 타이탄블루 / 무게: 3kg / 크기(가로x세로x깊이): 303x690x162mm,196570
AIPINYUE 차량용 가정용 무선 청소기 (해외구매),"차량용청소기 / 유무선 / 흡입력: 6,000Pa / 최대출력: 120W / 헤파필터 / 추가노즐: 틈새, 솔브러쉬 / 사용시간: 25분 / 코드길이: 3m / 충전방식: USB, 어댑터 / 충전시간: 3시간 / 색상: 블랙, 화이트 / 크기: 370x65mm",12760
조아스 차량용 에어건 청소기 JVC-2000,"차량용청소기 / 무선 / 흡입력: 5,500Pa / 최대출력: 60W / 헤파필터 / 추가노즐: 틈새, 솔브러쉬 / 사용시간: 20분 / 충전시간: 2시간 / 충전방식: USB C타입 / 크기: 142x172mm / 무게: 280g",39800
삼성전자 비스포크 제트 VS20B957D4,핸디스틱청소기 / 무선형 / 흡입+물걸레겸용 / 흡입력: 220W / [구성] 바닥 / 물걸레 / 솔형 / 틈새 / 일체형청정스테이션 / [배터리] 분리형 (2개) / 충전시간: 3시간30분 / 사용시간: 1시간 / [성능] 디지털인버터모터 / 5단계여과 / [기능] IoT기능 / 디스플레이표시창 / 자동물공급 / LED라이트 / 배터리잔량표시 / 자동먼지비움 / [부가] 먼지통용량: 0.5L / 색상: 페블그레이 / 크기(가로x세로x깊이): 250x930x202mm,703870
한라홀딩스 만도 차량용 청소기 MC-100,"차량용청소기 / 무선 / 흡입력: 8,000Pa / 헤파필터 / 스테인리스 필터 / 추가노즐: 틈새, 솔브러쉬, 연장호스 / LED라이트 / 사용시간: 20분 / 충전방식: USB C타입 / 배터리용량: 6,000mAh 크기: 241x71x50mm / 무게: 550g",83000
포콘스 아이나비 스마트 무선 청소기&에어건 EPI-GV4000,"차량용청소기 / 무선 / 흡입력: 12,000Pa / 최대출력: 130W / 헤파필터 / 추가노즐: 틈새, 솔브러쉬 / LED라이트 / 사용시간: ~30분 / 무게: 705g",79000
앱코 오엘라 네오스핀 OBC-AW09,"욕실청소기 / 무선형 / [배터리] 충전시간: 4~5시간 / 사용시간: 50분 / [부가] 색상: 화이트 / 무게: 0.86kg / 생활방수 / 브러쉬: 원형, 평면, 틈새",44900
머레이 무선 핸디형 청소기 HK-5030,"차량용청소기 / 무선 / 최대출력: 42W / 추가노즐: 틈새, 솔브러쉬 / 사용시간: 15분 / 먼지통용량: 0.5L / 용량: 1500mAh / 크기: 164x147x54mm / 무게: 330g",27000
베이스어스 차량용 진공 청소기 A1 (해외구매),"차량용청소기 / 무선 / 흡입력: 15,000Pa / 최대출력: 30W / 헤파필터 / 추가노즐: 틈새, 솔브러쉬 / LED라이트 / 사용시간: 25분 / 무게: 367g / 2,000mAh 고성능 배터리 탑재 / 노이즈 캔슬링 / C타입 충전",29170
LG전자 오브제컬렉션 코드제로 A9S AU9972,핸디스틱청소기 / 무선형 / 흡입+물걸레겸용 / 흡입력: 220W / [구성] 와이드바닥 / 물걸레 / 침구 / 솔형 / 틈새 / 올인원타워 / [배터리] 분리형 (2개) / 충전시간: 4시간 / 사용시간: 1시간 / [성능] 스마트인버터모터 / 헤파필터 / 5단계여과 / [기능] IoT기능 / 디스플레이표시창 / 자동물공급 / LED라이트 / 자동먼지비움 / [부가] 색상: 카밍베이지 / 무게: 2.7kg / 크기(가로x세로x깊이): 300x1120x260mm,1185790
LG전자 코드제로 A9S AS9201IB,핸디스틱청소기 / 무선형 / 흡입전용 / 흡입력: 210W / [구성] 바닥 / 솔형 / 틈새 / 거치대 / [배터리] 분리형 (1개) / 충전시간: 4시간 / 사용시간: 1시간 / [성능] 스마트인버터모터 / 타공/분리형배기필터 / 헤파필터 / 5단계여과 / [기능] 물걸레(별도구매) / IoT기능 / 자동물공급 / 배터리잔량표시 / 자동먼지비움 / [부가] 색상: 아이언그레이+딥그레이 / 무게: 2.6kg / 크기(가로x세로x깊이): 250x1120x260mm,584620
신일전자 SVC-680G,핸디청소기 / 무선형 / 흡입전용 / [구성] 틈새 / 거치대 / [배터리] 충전시간: 5시간 / 사용시간: 15분 / [부가] 색상: 실버 / 무게: 0.8kg / 크기(가로x세로x깊이): 425x95x90mm,42050
삼성전자 비스포크 슬림 VS15A680AEW,스틱청소기 / 무선형 / 흡입전용 / 흡입력: 150W / [구성] 바닥 / 틈새 / [배터리] 내장형 / 충전시간: 4시간 / 사용시간: 50분 / [성능] 디지털인버터모터 / 5단계여과 / [기능] 물걸레(별도구매) / IoT기능 / 셀프스탠딩 / LED라이트 / [부가] 먼지통용량: 0.3L / 색상: 미스티화이트 / 무게: 2.6kg / 크기(가로x세로x깊이): 250x1143x194mm,308060
LG전자 오브제컬렉션 코드제로 A9 AU9272WD,핸디스틱청소기 / 무선형 / 흡입+물걸레겸용 / 흡입력: 220W / [구성] 바닥 / 물걸레 / 솔형 / 틈새 / 올인원타워 / [배터리] 분리형 (1개) / 충전시간: 4시간 / 사용시간: 1시간 / [성능] 스마트인버터모터 / 헤파필터 / 5단계여과 / [기능] IoT기능 / 디스플레이표시창 / 자동물공급 / LED라이트 / 자동먼지비움 / [부가] 색상: 카밍베이지 / 무게: 2.5kg / 크기(가로x세로x깊이): 250x1120x260mm / 올인원타워 1.0,791930
캐치웰 C10 PRO,핸디스틱청소기 / 무선형 / 흡입+물걸레겸용 / [구성] 바닥 / 카펫 / 물걸레 / 침구 / 솔형 / 틈새 / 연장툴 / 거치대 / [배터리] 분리형 (1개) / 사용시간: 1시간 / [성능] BLDC모터 / 5단계여과 / [기능] LED라이트 / 자동먼지비움 / [부가] 먼지통용량: 0.5L,299000
카렉스 파워스톰 미니 무선청소기,"차량용청소기 / 무선 / 흡입력: 12,000Pa / 2중필터 / 헤파필터 / 추가노즐: 틈새, 솔브러쉬 / 사용시간: 17분 / 충전방식: 시거잭, 220V / BLCD모터 / 충전시간: 5시간30분 / 크기: 93x439mm / 무게: 505g",78990
LG전자 오브제컬렉션 코드제로 A9S AU9872,핸디스틱청소기 / 무선형 / 흡입+물걸레겸용 / 흡입력: 220W / [구성] 와이드바닥 / 물걸레 / 솔형 / 틈새 / 올인원타워 / [배터리] 분리형 (2개) / 충전시간: 4시간 / 사용시간: 1시간 / [성능] 스마트인버터모터 / 헤파필터 / 5단계여과 / [기능] IoT기능 / 디스플레이표시창 / 자동물공급 / LED라이트 / 자동먼지비움 / [부가] 색상: 카밍베이지 / 무게: 2.7kg / 크기(가로x세로x깊이): 300x1120x260mm,899230
DIBEA D19 Pro,핸디스틱청소기 / 무선형 / 흡입전용 / 흡입력: 12000Pa / 바닥 / 침구 / 솔형 / 틈새 / 거치대 / [배터리] 충전시간: 5시간 / 사용시간: 40분 / [성능] 4단계여과 / LED라이트 / [부가] 먼지통용량: 0.55L / 색상: 퍼플 / 무게: 2.2kg / 크기(가로x세로x깊이): 240x1040x212mm,109970
블랙앤데커 HLVC315B,핸디청소기 / 무선형 / 흡입전용 / 흡입력: 30AW / [구성] 바닥 / 솔형 / 틈새 / 거치대 / [배터리] 충전시간: 5시간 / 사용시간: 13분 / [부가] 먼지통용량: 0.12L / 색상: 화이트 / 무게: 0.71kg / 크기(가로x세로): 75x440mm,59900
샤오미 SHUNZAO 차량용 무선청소기 2세대 Z1 PRO (해외구매),"차량용청소기 / 무선 / 흡입력: 12,000Pa / 최대출력: 120W / 2중필터 / 추가노즐: 틈새, 솔브러쉬 / LED라이트 / 사용시간: 30분 / 충전시간: 2시간30분 / 충전방식: USB C타입 / 크기: 73x76x336mm / 무게: 610g",52000
삼성전자 에어본 화이트 VC-H22,핸디청소기 / 무선형 / 흡입전용 / [배터리] 충전시간: 8시간 / 사용시간: 10분 / [부가] 무게: 0.76kg / 크기(가로x세로x깊이): 103x317x174mm,31280
오토앤 디테일링 BLDC 핸디형 무선 청소기 WS-BV04,"차량용청소기 / 무선 / 흡입력: 17,000Pa / 헤파필터 / 추가노즐: 틈새, 솔브러쉬 / 사용시간: ~30분 / 배터리: 11.1V, 2,400mAh / 무게: 435g / 색상: 블랙, 퍼플, 블루",87000
삼성전자 비스포크 제트 VS20B957D5,핸디스틱청소기 / 무선형 / 흡입+물걸레겸용 / 흡입력: 220W / [구성] 바닥 / 물걸레 / 솔형 / 틈새 / 연장툴 / 일체형청정스테이션 / [배터리] 분리형 (2개) / 충전시간: 3시간30분 / 사용시간: 1시간 / [성능] 디지털인버터모터 / 5단계여과 / [기능] IoT기능 / 디스플레이표시창 / 자동물공급 / LED라이트 / 배터리잔량표시 / 자동먼지비움 / [부가] 먼지통용량: 0.5L / 색상: 산토리니베이지 / 크기(가로x세로x깊이): 250x930x202mm,706200
머레이 충전식 무선 핸디형 청소기 HK-8030,"차량용청소기 / 무선 / 흡입력: 6,000Pa / 최대출력: 120W / 헤파필터 / 추가노즐: 틈새, 솔브러쉬 / 사용시간: 20분 / 충전시간: 3시간 / 크기: 65x370mm / 무게: 400g",30980
LG전자 오브제컬렉션 코드제로 A9S AU9882MD + MO971GA,핸디/스틱청소기+로봇청소기세트 / 무선형 / 흡입+물걸레겸용 / 흡입력: 220W / [구성] 와이드바닥 / 스팀물걸레 / 솔형 / 틈새 / 올인원타워 / [배터리] 분리형 (2개) / 충전시간: 4시간 / 사용시간: 1시간 / [성능] 스마트인버터모터 / 헤파필터 / 5단계여과 / [기능] IoT기능 / 디스플레이표시창 / 자동물공급 / LED라이트 / 자동먼지비움 / [부가] 색상: 클레이민트 / 무게: 2.7kg / 크기(가로x세로x깊이): 300x1120x260mm / ※ 상품 옵션 확인 후 구매,2124000
블랙앤데커 WD7201,"핸디청소기 / 무선형 / 흡입전용 / [구성] 틈새 / [배터리] 충전시간: 10시간 / 사용시간: 8분 / [부가] 색상: 그린, 오렌지 / 무게: 0.65kg / 습건식",32560
일렉트로룩스 Well Q6 Pet WQ61-1PSH,핸디스틱청소기 / 무선형 / 흡입전용 / [구성] 바닥 / 펫 / 솔형 / 틈새 / [배터리] 내장형 / 충전시간: 4시간30분 / 사용시간: 45분 / [기능] 브러쉬자동청소 / 셀프스탠딩 / LED라이트 / 배터리잔량표시 / [부가] 먼지통용량: 0.3L / 색상: 쉘화이트 / 무게: 2.65kg / 크기(가로x세로x깊이): 258x1105x140mm,221790
삼성전자 비스포크 제트 VS20A956AVE,핸디스틱청소기 / 무선형 / 흡입전용 / 흡입력: 220W / [구성] 바닥 / 솔형 / 틈새 / 일체형청정스테이션 / [배터리] 분리형 (1개) / 충전시간: 3시간30분 / 사용시간: 1시간 / [성능] 디지털인버터모터 / 5단계여과 / [기능] 물걸레(별도구매) / IoT기능 / 디스플레이표시창 / 자동물공급 / LED라이트 / 배터리잔량표시 / 자동먼지비움 / [부가] 먼지통용량: 0.5L / 색상: 산토리니베이지 / 크기(가로x세로x깊이): 250x930x202mm,518840
다이슨 V10 플러피,"핸디스틱청소기 / 무선형 / 흡입전용 / [구성] 소프트롤러 / 미니모터 / 솔형 / 더스팅 / 틈새 / 도킹스테이션 / [배터리] 충전시간: 3시간30분 / 사용시간: 1시간 / [기능] 프리볼트 / [부가] 색상: 레드, 오렌지 / 무게: 2.5kg / 크기(가로x세로x깊이): 250x1241x256mm",368110
일렉트로룩스 WELL Q6 WQ61-1OGG,핸디스틱청소기 / 무선형 / 흡입전용 / [구성] 바닥 / 솔형 / 틈새 / 거치대 / [배터리] 내장형 / 충전시간: 4시간30분 / 사용시간: 45분 / [성능] 5단계여과 / [기능] 브러쉬자동청소 / 셀프스탠딩 / LED라이트 / 배터리잔량표시 / [부가] 먼지통용량: 0.3L / 색상: 그라나이트그레이 / 무게: 2.65kg / 크기(가로x세로x깊이): 386x692x146mm,199440
아이닉 i20 엘리트,핸디스틱청소기 / 무선형 / 흡입전용 / 흡입력: 18000Pa / [구성] 바닥 / 솔형 / 틈새 / 연장툴 / 거치대 / [배터리] 분리형 (1개) / 충전시간: 5시간 / 사용시간: 50분 / [성능] BLDC모터 / [부가] 먼지통용량: 0.5L / 색상: 화이트 / 무게: 2.5kg / 크기(가로x세로x깊이): 230x1150x210mm,139000
에어메이드 스마트포스 AMC-3500,핸디스틱청소기 / 무선형 / 흡입전용 / 흡입력: 370W / [구성] 바닥 / 침구 / 솔형 / 틈새 / 거치대 / [배터리] 분리형 (1개) / 충전시간: 5시간 / 사용시간: 45분 / [성능] 헤파필터 / 5단계여과 / [기능] 디스플레이표시창 / LED라이트 / [부가] 무게: 2.5kg / 크기(가로x세로x깊이): 255x1230x215mm,199000
신일전자 SVC-S4800SJ,핸디청소기 / 무선형 / 흡입전용 / 흡입력: 60W / [구성] 바닥 / 틈새 / 연장툴 / 거치대 / [배터리] 충전시간: 8시간 / 사용시간: 9분 / [부가] 색상: 블랙+레드 / 크기(가로x세로x깊이): 200x138x400mm,48350
삼성전자 제트 VS20T9213QE,핸디스틱청소기 / 무선형 / 흡입전용 / 흡입력: 200W / [구성] 바닥 / 솔형 / 틈새 / 거치대 / [배터리] 분리형 (1개) / 충전시간: 3시간30분 / 사용시간: 1시간 / [성능] 인버터모터 / 헤파필터 / 5단계여과 / [기능] 물걸레(별도구매) / 디스플레이표시창 / 프리볼트 / [부가] 먼지통용량: 0.5L / 색상: 민트/그레이 / 무게: 2.64kg / 크기(가로x세로x깊이): 250x1123x215mm,349000
비쎌(BISSELL) 크로스웨이브 X7 2832S,"물걸레청소기 / 롤러식 / 물걸레+진공 / 무선형 / [배터리] 충전시간: 4시간 / 사용시간: 30분 / [기능] BLDC모터 / LED라이트 / 배터리잔량표시 / 걸레자동세척 / [부가] 물통용량: 정수: 0.6L, 오수: 0.385L / 색상: 화이트 / 무게: 4.8kg / 크기(가로x세로x깊이): 265x1120x200mm",778980
DIBEA 차이슨 ALLNEW29000,"핸디스틱청소기 / 무선형 / 흡입+물걸레겸용 / 흡입력: 39000Pa / [구성] 바닥 / 물걸레 / 침구 / 솔형 / 틈새 / 패브릭 / 연장툴 / 거치대 / [배터리] 분리형 (1개) / 충전시간: 4시간 / 사용시간: 48분 / [성능] BLDC모터 / 헤파필터 / 4단계여과 / [기능] LED라이트 / 배터리잔량표시 / [부가] 먼지통용량: 0.7L / 색상: 폴라나이트그레이, 미드나이트블랙 / 무게: 2.4kg / UV살균 / 크기(가로x세로x깊이): 255x1150x200mm",248000
LG전자 오브제컬렉션 코드제로 AS9202WD,핸디스틱청소기 / 무선형 / 흡입전용 / 흡입력: 210W / [구성] 바닥 / 솔형 / 틈새 / 거치대 / [배터리] 분리형 (1개) / 충전시간: 4시간 / 사용시간: 1시간 / [성능] 스마트인버터모터 / 타공형/분리형배기필터 / 헤파필터 / 5단계여과 / [기능] 물걸레(별도구매) / IoT기능 / 디스플레이표시창 / 자동물공급 / 배터리잔량표시 / [부가] 색상: 카밍베이지 / 크기(가로x세로x깊이): 250x1120x260mm,601130
다이슨 디지털 슬림 컴플리트,핸디스틱청소기 / 무선형 / 흡입전용 / 흡입력: 100AW / [구성] 슬림소프트롤러 / 미니모터 / 솔형 / 틈새 / 거치대 / 도킹스테이션 / [배터리] 분리형 (1개) / 충전시간: 3시간30분 / 사용시간: 40분 / [성능] 5단계여과 / [기능] 디스플레이표시창 / [부가] 먼지통용량: 0.3L / 색상: 니켈 / 크기(가로x세로x깊이): 250x1100x250mm,583860
일렉트로룩스 에르고라피도 ZB3511DB,핸디스틱청소기 / 무선형 / 흡입전용 / [구성] 바닥 / 틈새 / 거치대 / [배터리] 내장형 / 충전시간: 4시간 / 사용시간: 35분 / [성능] 4단계여과 / [기능] 브러쉬자동청소 / 셀프스탠딩 / LED라이트 / 배터리잔량표시 / [부가] 먼지통용량: 0.42L / 색상: 데님블루 / 무게: 2.5kg / 크기(가로x세로x깊이): 299x689x165mm,195000
신일전자 SVC-R220UB,핸디스틱청소기 / 무선형 / 흡입전용 / 흡입력: 13000Pa / [구성] 바닥 / 솔형 / 패브릭 / 연장툴 / 거치대 / [배터리] 충전시간: 5시간 / 사용시간: 20분 / [성능] BLDC모터 / 헤파필터 / 4단계여과 / [기능] 프리볼트 / [부가] 먼지통용량: 0.5L / 색상: 화이트 / 무게: 1.34kg / 크기(가로x세로x깊이): 225x1200x78mm,75800
LG전자 오브제컬렉션 코드제로 A9S AU9982WD + MO971WA,핸디/스틱청소기+로봇청소기세트 / 무선형 / 흡입+물걸레겸용 / 흡입력: 220W / [구성] 와이드바닥 / 스팀물걸레 / 침구 / 솔형 / 틈새 / 올인원타워 / [배터리] 분리형 (2개) / 충전시간: 4시간 / 사용시간: 1시간 / [성능] 스마트인버터모터 / 헤파필터 / 5단계여과 / [기능] IoT기능 / 디스플레이표시창 / 자동물공급 / LED라이트 / 자동먼지비움 / [부가] 색상: 카밍베이지 / 무게: 2.7kg / 크기(가로x세로x깊이): 300x1120x260mm / ※ 상품 옵션 확인 후 구매,1701430
삼성전자 비스포크 제트 AI VS28C973ES,"핸디스틱청소기 / 무선형 / 흡입+물걸레겸용 / 흡입력: 280W / [구성] 바닥 / 물걸레 / 침구 / 솔형 / 틈새 / 연장툴 / 일체형청정스테이션 / [배터리] 분리형 (2개) / 충전시간: 5시간 / 사용시간: 1시간20분 / [성능] 디지털인버터모터 / 5단계여과 / [기능] IoT기능 / 디스플레이표시창 / 먼지감지센서 / LED라이트 / 배터리잔량표시 / 자동먼지비움 / [부가] 먼지통용량: 0.5L / 색상: 새틴세이지그린 / 크기(가로x세로x깊이): 250x942x243mm / 출시가: 1,649,000원",1515400
스타일리스 SSV-G7,"핸디스틱청소기 / 무선형 / 흡입전용 / 흡입력: 15000Pa / [구성] 바닥 / 침구 / 솔형 / 틈새 / 연장툴 / 거치대 / [배터리] 충전시간: 4시간 / 사용시간: 23분 / [성능] BLDC모터 / [기능] 배터리잔량표시 / [부가] 색상: 퍼플, 화이트 / 무게: 2.2kg / 크기(가로x세로x깊이): 245x1150x220mm",46650
유행코리아 더쎈 유무선 청소기,"차량용청소기 / 유무선 / 12V / 흡입력: 4,800Pa / 최대출력: 120W / 추가노즐: 틈새, 솔브러쉬, 연장호스 / 사용시간: 25분 / 충전방식: 시거잭, 220V / 충전시간: 3~4시간 / 크기: 260x200x80mm / 무게: 880g",62240
웍스 휴대용 차량용 충전 청소기 본체 WX030.9,"차량용청소기 / 무선 / 흡입력: 10,000Pa / 최대출력: 180W / 3중필터 / 추가노즐: 틈새, 솔브러쉬 / 베어툴사양 / 2단 속도 조절 / 플렉시블 튜브 / 크기: 150x182x218mm / 무게: 1,400g",75990
한빛시스템 HV-5010,핸디청소기 / 무선형 / 흡입전용 / [구성] 솔형 / 틈새 / 거치대 / [배터리] 충전시간: 10시간 / 사용시간: 15분 / [부가] 색상: 골드브라운 / 무게: 1.3kg / 크기(가로x세로x깊이): 110x390x120mm,22350
비즈포비즈 클래파 BVC-H10,"핸디스틱청소기 / 무선형 / 흡입전용 / 흡입력: 6000Pa / [구성] 바닥 / 솔형 / 틈새 / 연장툴 / [배터리] 충전시간: 4시간 / 사용시간: 20분 / [성능] DC모터 / 헤파필터 / 3단계여과 / [부가] 먼지통용량: 0.9L / 색상: 화이트, 그레이 / 무게: 0.9kg / 크기(가로x세로x깊이): 130x1130x70mm",41900
라이트컴 COMS 휴대용 미니 청소기 NE875,차량용청소기 / 무선 / 추가노즐: 솔브러쉬 / 크기: 165x80x32mm / 무게: 125g,11420
보랄 메카닉 BR-SV680RC,핸디스틱청소기 / 무선형 / 흡입력: 120W / [구성] 바닥 / 솔형 / 틈새 / 거치대 / [배터리] 분리형 (1개) / 충전시간: 5시간 / 사용시간: 40분 / LED라이트,87900
삼성전자 제트 VS15T7037P1,핸디스틱청소기 / 무선형 / 흡입+물걸레겸용 / 흡입력: 150W / [구성] 바닥 / 물걸레 / 솔형 / 틈새 / 연장툴 / 거치대 / 청정스테이션 / [배터리] 분리형 (1개) / 충전시간: 3시간30분 / 사용시간: 40분 / [성능] 인버터모터 / 헤파필터 / 5단계여과 / [기능] 디스플레이표시창 / 프리볼트 / [부가] 먼지통용량: 0.5L / 색상: 화이트+민트 / 무게: 2.54kg,299000
SooPii 차량용 무선 에어건 겸용 청소기 BV01,"차량용청소기 / 무선 / 흡입력: 15,000Pa / 최대출력: 73W / 헤파필터 / 추가노즐: 솔브러쉬 / 사용시간: 30~50분 / 충전시간: 2시간 / 무게 : 517g",78890
지엔앰주식회사 콜튼 차량용 무선 청소기 에어건 3세대 CT30,"차량용청소기 / 무선 / 흡입력: ~12,000Pa / 헤파필터 / 추가노즐: 틈새 / LED라이트 / 배터리: 7,200mAh /  충전시간: 2.5시간 / 배터리 잔량 표시 / BLDC모터 / 90,000RPM",98000
라이트컴 COMS 4in1 차량용 멀티 청소기,"차량용청소기 / 무선 / 12V / 흡입력: 3,000~3,500Pa / 최대출력: 100W / 헤파필터 / 추가노즐: 틈새, 솔브러쉬, 연장호스 / LED라이트 / 사용시간: 20분 / 코드길이: 3m / 타이어 압력 측정 / 크기: 360x155x135mm",22560
웍스 WG630E.2,"업소용청소기 / 고압세척기 / 무선형 / [기능] BLDC모터 / 충전시간: 1시간15분 / 사용시간: 35분 / 작동압력: 25bar / [부가] 색상: 오렌지 / 무게: 2.5kg / 배터리잔량표시 / 과열방지 / 브러쉬: 회오리노즐, 하부세척커넥터, 호스",208000
삼성전자 비스포크 제트 VS20B957E4,핸디스틱청소기 / 무선형 / 흡입+물걸레겸용 / 흡입력: 220W / [구성] 바닥 / 물걸레 / 침구 / 솔형 / 틈새 / 일체형청정스테이션 / [배터리] 분리형 (2개) / 충전시간: 3시간30분 / 사용시간: 1시간 / [성능] 디지털인버터모터 / 5단계여과 / [기능] IoT기능 / 디스플레이표시창 / 자동물공급 / LED라이트 / 배터리잔량표시 / 자동먼지비움 / [부가] 먼지통용량: 0.5L / 색상: 모닝블루 / 크기(가로x세로x깊이): 250x930x202mm,730800
비브르 스톰파워 V31000,핸디스틱청소기 / 무선형 / 흡입+물걸레겸용 / 흡입력: 31000Pa / [구성] 바닥 / 카펫 / 물걸레 / 침구 / 틈새 / 연장툴 / [배터리] 분리형 (1개) / 충전시간: 5시간 / [성능] BLDC모터 / 헤파필터 / 4단계여과 / [기능] 디스플레이표시창 / 먼지감지센서 / LED라이트 / [부가] 먼지통용량: 0.8L / 무게: 1.5kg / 크기(가로x세로): 270x1100mm,195000
삼성전자 비스포크 슬림 VS15A680DFW,스틱청소기 / 무선형 / 흡입+물걸레겸용 / 흡입력: 150W / [구성] 바닥 / 물걸레 / 틈새 / [배터리] 내장형 / 충전시간: 4시간 / 사용시간: 50분 / [성능] 디지털인버터모터 / 5단계여과 / [기능] IoT기능 / 자동물공급 / 셀프스탠딩 / LED라이트 / [부가] 먼지통용량: 0.3L / 색상: 미스티화이트 / 무게: 2.6kg / 크기(가로x세로x깊이): 250x1143x194mm,362480
샤오미 드리미 V12,핸디스틱청소기 / 무선형 / 흡입+물걸레겸용 / 흡입력: 185AW / 흡입력: 27000Pa / [구성] 바닥 / 물걸레 / 침구 / 솔형 / 틈새 / 연장툴 / 거치대 / [배터리] 내장형 / 충전시간: 4시간 / 사용시간: 1시간30분 / [성능] 5단계여과 / [기능] 디스플레이표시창 / LED라이트 / 배터리잔량표시 / [부가] 먼지통용량: 0.5L / 물통용량: 0.25L / 색상: 블랙 / 무게: 1.65kg / 크기(가로x세로): 200x1226mm,375967
홍진테크 인더스 IN-HV7,핸디청소기 / 무선형 / 흡입전용 / 흡입력: 6000Pa / [구성] 솔형 / 틈새 / 거치대 / [배터리] 충전시간: 5시간 / 사용시간: 20분 / [성능] 헤파필터 / [부가] 먼지통용량: 0.4L / 색상: 화이트+블랙 / 크기(가로x세로x깊이): 412x248x230mm,30490
카렉스 파워스톰 에어건 무선 청소기 H3,"차량용청소기 / 무선 / 흡입력: 15,000Pa / 헤파필터 / 스테인리스 필터 / 추가노즐: 틈새, 솔브러쉬 / 사용시간: 28분 / 충전시간: 3.5시간 / 충전방식: USB C타입 / 배터리용량: 8,000mAh / 크기: 270x70mm / 무게: 450g",82620
다이슨 V15 디텍트 컴플리트,"핸디스틱청소기 / 무선형 / 흡입전용 / 흡입력: 240AW / [구성] 레이저슬림플러피 / 하이토크 / 헤어스크류 / 솔형 / 더스팅 / 스터번더트 / 틈새 / 거치대 / 도킹스테이션 / [배터리] 분리형 (1개) / 충전시간: 4시간30분 / 사용시간: 1시간 / [성능] 헤파필터 / [기능] 디스플레이표시창 / 먼지감지센서 / [부가] 먼지통용량: 0.54L / 색상: 옐로우/아이언/니켈, 골드/골드 / 무게: 3kg / 크기(가로x세로x깊이): 250x1086x250mm",1135240
지티플러스 크린몬스터 핸디형 무선 진공 청소기,"차량용청소기 / 무선 / 흡입력: 5,000Pa / 최대출력: 80W / 추가노즐: 틈새, 솔브러쉬 / 사용시간: 30분 / 배터리용량: 2,000mAh / 색상: 블랙, 화이트 / 크기: 245mmx70mm / 무게: 430g",24050
삼성전자 비스포크 제트 VS20B957F5,핸디스틱청소기 / 무선형 / 흡입+물걸레겸용 / 흡입력: 220W / [구성] 바닥 / 물걸레 / 펫 / 솔형 / 틈새 / 연장툴 / 일체형청정스테이션 / [배터리] 분리형 (2개) / 충전시간: 3시간30분 / 사용시간: 1시간 / [성능] 디지털인버터모터 / 5단계여과 / [기능] IoT기능 / 디스플레이표시창 / 자동물공급 / LED라이트 / 배터리잔량표시 / 자동먼지비움 / [부가] 먼지통용량: 0.5L / 색상: 산토리니베이지 / 크기(가로x세로x깊이): 250x930x202mm,800020
LG전자 오브제컬렉션 코드제로 A9S AS9201WB,핸디스틱청소기 / 무선형 / 흡입전용 / 흡입력: 210W / [구성] 바닥 / 솔형 / 틈새 / 거치대 / [배터리] 분리형 (1개) / 충전시간: 4시간 / 사용시간: 1시간 / [성능] 인버터모터 / 타공형/분리형배기필터 / 헤파필터 / 5단계여과 / [기능] 물걸레(별도구매) / IoT기능 / 디스플레이표시창 / 자동물공급 / 배터리잔량표시 / [부가] 색상: 카밍베이지 / 크기(가로x세로x깊이): 250x1120x260mm,569990
보쉬 GAS18V-1,핸디스틱청소기 / 무선형 / 흡입전용 / [구성] 바닥 / 틈새 / 연장툴 / 사용시간: 42분 / [성능] 2단계여과 / [부가] 색상: 블랙 / 무게: 1.3kg,74970
LG전자 오브제컬렉션 코드제로 A9S AT9201WBK,핸디스틱청소기 / 무선형 / 흡입전용 / 흡입력: 210W / [구성] 바닥 / 솔형 / 틈새 / 올인원타워 / [배터리] 분리형 (1개) / 충전시간: 4시간 / 사용시간: 1시간 / [성능] 스마트인버터모터 / 타공/분리형배기필터 / 헤파필터 / 5단계여과 / [기능] 물걸레(별도구매) / IoT기능 / 자동물공급 / 배터리잔량표시 / 자동먼지비움 / [부가] 색상: 카밍베이지 / 무게: 2.6kg / 크기(가로x세로x깊이): 250x1120x260mm,668900
일렉트로룩스 얼티밋홈 900 EFP91825,핸디스틱청소기 / 무선형 / 흡입+물걸레겸용 / [구성] 바닥 / 물걸레 / 펫 / 침구 / 솔형 / 더스팅 / 틈새 / 거치대 / [배터리] 분리형 (2개) / 충전시간: 1시간38분 / 사용시간: 1시간 / [성능] 인버터모터 / 5단계여과 / [기능] 디스플레이표시창 / LED라이트 / 배터리잔량표시 / [부가] 먼지통용량: 0.4L / 색상: 소프트샌드 / 무게: 2.88kg / 크기(가로x세로x깊이): 260x1120x260mm,482460
유행코리아 더쎈 차량용 무선 청소기 V2,"차량용청소기 / 무선 / 흡입력: 6500Pa / 추가노즐: 솔브러쉬, 연장호스 / 사용시간: 30분 / 무게 : 1,040g",89000
DIBEA M500 클래스,"핸디스틱청소기 / 무선형 / 흡입+물걸레겸용 / 흡입력: 20000Pa / [구성] 바닥 / 물걸레 / 침구 / 솔형 / 틈새 / 패브릭 / 거치대 / [배터리] 충전시간: 4시간 / 사용시간: 50분 / [성능] BLDC모터 / 헤파필터 / [기능] LED라이트 / 배터리잔량표시 / [부가] 먼지통용량: 0.32L / 색상: 화이트, 블랙 / 무게: 2.12kg / 크기(가로x세로x깊이): 245x1120x160mm",169000
블랙앤데커 BHHV520BF00,핸디청소기 / 무선형 / 흡입전용 / 흡입력: 35AW / [구성] 틈새 / 거치대 / [배터리] 충전시간: 5시간 / 사용시간: 25분 / [기능] 배터리잔량표시 / [부가] 먼지통용량: 0.7L / 무게: 1.2kg,87890
LG전자 오브제컬렉션 코드제로 AU9202WD,핸디스틱청소기 / 무선형 / 흡입전용 / 흡입력: 210W / [구성] 바닥 / 솔형 / 틈새 / 올인원타워 / [배터리] 분리형 (1개) / 충전시간: 4시간 / 사용시간: 1시간 / [성능] 스마트인버터모터 / 타공형/분리형배기필터 / 헤파필터 / 5단계여과 / [기능] 물걸레(별도구매) / IoT기능 / 디스플레이표시창 / 자동물공급 / 배터리잔량표시 / [부가] 색상: 카밍베이지 / 크기(가로x세로x깊이): 250x1120x260mm,745610
LG전자 코드제로 A9S AT9370BA,핸디스틱청소기 / 무선형 / 흡입+물걸레겸용 / 흡입력: 200W / [구성] 바닥 / 물걸레 / 침구 / 솔형 / 틈새 / 올인원타워 / [배터리] 분리형 (1개) / 충전시간: 4시간 / 사용시간: 1시간 / [성능] 스마트인버터모터 / 분리형배기필터 / 헤파필터 / 5단계여과 / [기능] IoT기능 / 자동물공급 / 배터리잔량표시 / 자동먼지비움 / [부가] 색상: 블랙+딥그레이 / 무게: 2.6kg / 크기(가로x세로x깊이): 250x1120x260mm,736900
테팔 엑스포스 8.60 라이트 TY9634KO,핸디스틱청소기 / 무선형 / 흡입전용 / [구성] 바닥 / 솔형 / 틈새 / [배터리] 분리형 (1개) / 충전시간: 3시간 / 사용시간: 45분 / [성능] DC모터 / [부가] 먼지통용량: 0.55L / 색상: 실버&그레이 / 무게: 2.58kg / 크기(가로x세로x깊이): 235x1060x240mm,227190
한샘 트리플 플러스 2.0 QNBC-6000W,"욕실청소기 / 무선형 / [배터리] 충전시간: 4시간 / 사용시간: 4시간 / [부가]  브러쉬: 평면, 틈새, 스크럽",69800
LG전자 오브제컬렉션 코드제로 A9 AS9272WD,핸디스틱청소기 / 무선형 / 흡입+물걸레겸용 / 흡입력: 220W / [구성] 바닥 / 물걸레 / 솔형 / 틈새 / 거치대 / [배터리] 분리형 (1개) / 충전시간: 4시간 / 사용시간: 1시간 / [성능] 스마트인버터모터 / 헤파필터 / 5단계여과 / [기능] IoT기능 / 디스플레이표시창 / 자동물공급 / LED라이트 / 자동먼지비움 / [부가] 색상: 카밍베이지 / 무게: 2.5kg / 크기(가로x세로x깊이): 250x1120x260mm / 올인원타워 1.0,695110
평화자동차 시크릿 이지건 핸디 무선 진공 청소기,"차량용청소기 / 무선 / 흡입력: 8,000Pa / 최대출력: 120W / 헤파필터 / 추가노즐: 틈새, 솔브러쉬 / 사용시간: 25~30분 / 소음: 85dB / 충전시간: 3.5시간 / 배터리용량: 4,000mAh / 크기: 244x72x157mm / 무게: 365g",30370
테팔 엑스퍼트 3.60 TY6921,핸디스틱청소기 / 무선형 / 흡입전용 / [구성] 바닥 / 거치대 / [배터리] 분리형 (1개) / 충전시간: 5시간 / 사용시간: 45분 / [성능] DC모터 / [기능] LED라이트 / 배터리잔량표시 / 프리볼트 / [부가] 먼지통용량: 0.5L / 색상: 블랙+블루 / 무게: 2.2kg,139410
테팔 에어포스360 라이트 이지 TY5520,핸디스틱청소기 / 무선형 / 흡입전용 / [구성] 바닥 / 솔형 / 틈새 / 패브릭 / 거치대 / [배터리] 분리형 (1개) / 충전시간: 4시간30분 / 사용시간: 33분 / [성능] BLDC모터 / 6단계여과 / LED라이트 / [부가] 먼지통용량: 0.5L / 무게: 2.6kg,245100
일렉트로룩스 에르고라피도 ZB3515ST,핸디스틱청소기 / 무선형 / 흡입전용 / [구성] 바닥 / 침구 / 더스팅 / 틈새 / 긴틈새 / 패브릭 / 거치대 / [배터리] 충전시간: 4시간 / 사용시간: 35분 / [성능] 2단계여과 / [기능] 셀프스탠딩 / LED라이트 / 배터리잔량표시 / [부가] 색상: 스페이스틸 / 무게: 4.6kg / 크기(가로x세로x깊이): 263x1070x150mm,217500
일렉트로룩스 라피도 리튬 ZB6214IGM,핸디청소기 / 무선형 / 흡입전용 / [구성] 거치대 / [배터리] 내장형 / 충전시간: 4시간 / 사용시간: 24분 / [성능] 3단계여과 / [부가] 먼지통용량: 0.5L / 색상: 아이언그레이메탈릭 / 무게: 1.14kg / 크기(가로x세로x깊이): 124x137x410mm,102000
캐치웰 CV6 플러스,핸디스틱청소기 / 무선형 / 흡입전용 / 흡입력: 12000Pa / [구성] 바닥 / 솔형 / 틈새 / 연장툴 / 거치대 / [배터리] 충전시간: 4시간 / 사용시간: 40분 / [성능] 헤파필터 / LED라이트 / [부가] 먼지통용량: 0.35L / 색상: 레드 / 무게: 1.89kg,79000
머레이 핸디형 무선청소기 HK-6030,"차량용청소기 / 무선 / 흡입력: 2,000Pa / 최대출력: 35W / 헤파필터 / 추가노즐: 틈새, 솔브러쉬 / 사용시간: 20분 / 충전방식: USB C타입 / 색상: 그레이, 그린, 블루, 블랙 / 충전시간: 4시간 / 무게: 366g",30400
캐치웰 차량용 핸디 텀블러 청소기 THC1000,"차량용청소기 / 무선 / 흡입력: 8,000Pa / 최대출력: 75W / 헤파필터 / 스테인리스 필터 / 추가노즐: 틈새, 솔브러쉬, 연장호스 / 싸이클론 / 사용시간: 20~28분 / 충전시간: 4시간 / 무게: 580g / 색상: 그레이, 화이트, 블랙",39900
신일전자 LCYC913,핸디청소기 / 무선형 / 흡입전용 / 흡입력: 3500Pa / [구성] 솔형 / 틈새 / 연장툴 / [배터리] 충전시간: 3시간 / 사용시간: 20분 / [성능] 헤파필터 / [부가] 색상: 블랙 / 무게: 0.48kg / 크기(가로x세로): 98x395mm,30510
휴스톰 듀얼스핀 HS-10500,"물걸레청소기 / 회전식 / 물걸레전용 / 무선형 / [배터리] 리튬이온 (분리형) / 충전시간: 2시간30분 / 사용시간: 30분 / [기능] LED라이트 / 각도조절 / 셀프스탠딩 / 배터리잔량표시 / [부가] 색상: 핑크, 그레이 / 무게: 3.7kg / 패드: 극세사(벨크로형) / 크기(가로x세로x깊이): 410x1020x205mm",161580
마끼다 DCL180Z,핸디스틱청소기 / 무선형 / 흡입전용 / 흡입력: 30W / [배터리] 분리형 (1개) / 사용시간: 20분 / [부가] 먼지통용량: 0.65L / 색상: 블루 / 무게: 1.2kg,48070
행커 400W,핸디스틱청소기 / 무선형 / 흡입전용 / 흡입력: 180AW / 흡입력: 39000Pa / [구성] 바닥 / 침구 / 솔형 / 틈새 / [배터리] 분리형 (1개) / 충전시간: 3시간30분 / 사용시간: 1시간 / [성능] BLDC모터 / 헤파필터 / 물걸레(별도구매) / 디스플레이표시창 / [부가] 먼지통용량: 0.6L / 무게: 1.5kg,170100
샤오미 CLEANFLY 차량용 무선 청소기 3세대 (해외구매),"차량용청소기 / 무선 / 흡입력: 16,800Pa / 최대출력: 120W / 헤파필터 / 스테인리스 필터 / 추가노즐: 틈새, 솔브러쉬, 연장호스 / 사용시간: 25분 / 크기: 369x72mm / 무게: 560g / 충전방식: USB C타입 / 배터리용량: 2,000mAh",120300
삼성전자 에어본 VC-H71,핸디스틱청소기 / 무선형 / 흡입전용 / [배터리] 충전시간: 8시간 / 사용시간: 12분 / [기능] 셀프스탠딩 / [부가] 색상: 에어본+내츄럴그레이 / 무게: 1kg / 크기(가로x세로x깊이): 342x265x119mm,93980
에이치앤오 핸디 청소기 PRO,"차량용청소기 / 무선 / 흡입력: 5,200Pa / 최대출력: 80W / 헤파필터 / 추가노즐: 틈새, 솔브러쉬 / 충전방식: USB C타입 / 크기: 235x65x65mm / 무게: 595g",43210
에어메이드 글라이드S AMC-2500,물걸레청소기 / 롤러식 / 물걸레전용 / 무선형 / [배터리] 충전시간: 4시간30분 / 사용시간: 40분 / [기능] 각도조절 / 배터리잔량표시 / 거치대 / 걸레자동세척 / [부가] 물통용량: 0.4L / 무게: 3.33kg / 패드: 극세사 / 크기(가로x세로x깊이): 284x1130x174mm,298000
LG전자 코드제로 A9S AS9270IA,핸디스틱청소기 / 무선형 / 흡입+물걸레겸용 / 흡입력: 200W / [구성] 바닥 / 물걸레 / 솔형 / 틈새 / 거치대 / [배터리] 분리형 (1개) / 충전시간: 4시간 / 사용시간: 1시간 / [성능] 스마트인버터모터 / 5단계여과 / [기능] IoT기능 / 디스플레이표시창 / 배터리잔량표시 / [부가] 색상: 아이언그레이 / 무게: 2.6kg / 크기(가로x세로x깊이): 250x1120x260mm,595660
키친아트 렉스 차량용 진공청소기 PK901,"차량용청소기 / 무선 / 12V / 흡입력: 5,000Pa / 최대출력: 120W / 헤파필터 / 추가노즐: 틈새, 솔브러쉬, 연장호스 / 코드길이: 5m / 크기: 400x115x110mm",27500
신일 무선 청소기 SVC-M2299,"차량용청소기 / 무선 / 추가노즐: 틈새 / 사용시간: 15분 / 크기:80x80x340mm / 무게: 630g / 배터리: 2,000mAh",37690
유니맥스 UVC-1688,핸디청소기 / 무선형 / 흡입전용 / [구성] 카펫 / 솔형 / 틈새 / 거치대 / [배터리] 충전시간: 10~12시간 / [부가] 색상: 블루 / 무게: 0.683kg / 크기(가로x세로x깊이): 95x350x105mm,19200
차량용 MAX 무선 청소기 X111-DK,차량용청소기 / 무선 / 흡입력: 5000Pa / 헤파필터 / 사용시간: 20분 / 크기: 280x72mm / 무게: 780g,46890
발뮤다 더 클리너 C01B,"핸디스틱청소기 / 무선형 / 흡입전용 / [구성] 바닥 / 틈새 / 거치대 / [배터리] 충전시간: 6시간 / 사용시간: 30분 / [기능] 프리볼트 / [부가] 먼지통용량: 0.13L / 색상: 화이트, 블랙 / 무게: 3.1kg / 크기(가로x세로x깊이): 300x1240x165mm",409380
삼성전자 제트 VS15A6031N5,핸디스틱청소기 / 무선형 / 흡입전용 / 흡입력: 150AW / [배터리] 분리형 (1개) / 사용시간: 40분 / [성능] 5단계여과 / [기능] 디스플레이표시창 / 크기(가로x세로x깊이): 250x1120x200mm,299990
신일전자 SVC-599WS,핸디스틱청소기 / 무선형 / 흡입전용 / [구성] 바닥 / 틈새 / [배터리] 내장형 / 충전시간: 7시간 / 사용시간: 10분 / [부가]  크기(가로x세로x깊이): 230x1100x130mm,78970
일렉트로룩스 WELL Q7 WQ71-2OIBF,핸디스틱청소기 / 무선형 / 흡입전용 / [구성] 바닥 / 솔형 / 긴틈새 / 거치대 / [배터리] 내장형 / 충전시간: 4시간30분 / 사용시간: 50분 / [성능] 5단계여과 / [기능] 셀프스탠딩 / LED라이트 / 배터리잔량표시 / [부가] 먼지통용량: 0.3L / 색상: 인디고블루 / 무게: 2.8kg / 크기(가로x세로x깊이): 258x1105x140mm,258990
레이캅 펫+ RS4-100KRWH,"침구청소기 / 핸디형 / 무선형 / 충전시간: 3시간30분 / 사용시간: 28분 / [기능] 청소모드: UV살균, 흡입 / 진동수: 98,400회(분당) / 인체공학적디자인 / BLDC모터 / 흡입력: 15000Pa / 헤파필터 / 4단계여과 / [부가] 먼지통용량: 0.16L / 색상: 화이트 / 무게: 1.42kg / 크기(가로x세로x깊이): 612.6x141.7x250mm",169000
쿠쿠전자 파워클론 CVC-AE1410,핸디스틱청소기 / 무선형 / 흡입전용 / [구성] 바닥 / 침구 / 솔형 / 더스팅 / 틈새 / 거치대 / [배터리] 분리형 (1개) / 사용시간: 35분 / [성능] BLDC모터 / 헤파필터 / 5단계여과 / [기능] 디스플레이표시창 / 먼지감지센서 / [부가] 색상: 노블화이트 / 무게: 3.1kg / 크기(가로x세로x깊이): 240x1168x260mm,421030
팅크웨어 아이나비 올인원 무선 에어건 청소기 EPI-GV3000,"차량용청소기 / 무선 / 흡입력: 12,000Pa / 최대출력: 130W / 헤파필터 / 추가노즐: 틈새, 솔브러쉬 / LED라이트 / 사용시간: ~30분 / 배터리 용량: 2,400mAh / 무게: 505g",94290
리락쿠마 미니미니 청소기,핸디청소기 / 무선형 / 흡입전용 / 건전지식 / 크기(가로x세로x깊이): 80x80x65mm,5620
신일전자 SVC-S500YT,핸디청소기 / 무선형 / 흡입전용 / 흡입력: 60W / [구성] 바닥 / 틈새 / 연장툴 / 거치대 / [배터리] 충전시간: 8시간 / 사용시간: 9분 / [부가] 색상: 레드+블랙 / 크기(가로x세로x깊이): 400x138x200mm,46260
쿠쿠전자 인스퓨어 파워클론 CVC-A1420UG,핸디스틱청소기 / 무선형 / 흡입전용 / 흡입력: 140AW / 흡입력: 23000Pa / [구성] 바닥 / 침구 / 틈새 / 거치대 / [배터리] 분리형 (1개) / 사용시간: 35분 / [성능] BLDC모터 / 헤파필터 / 5단계여과 / [기능] 먼지감지센서 / 배터리잔량표시 / [부가] 색상: 어반그레이 / 무게: 1.82kg / 크기(가로x세로x깊이): 250x1200x230mm,232310
청연MnS naVee 하이브리드 무선 에어건 차량용 청소기 NV94-ADT2,"차량용청소기 / 무선 / 흡입력: 10,000Pa / 최대출력: 75W / 추가노즐: 틈새, 솔브러쉬 / 사용시간: 40분 / 충전시간: 3시간 / 충전방식: USB C타입 / 배터리용량: 6,000mAh / 크기: 224x84x65mm / 무게: 414g",93900
위드앤올 2in1 휴대용 무선 에어건 핸디 청소기 WNA-AG8,"차량용청소기 / 무선 / 흡입력: 8,000Pa / 최대출력: 75W / 추가노즐: 틈새, 솔브러쉬 / 사용시간: 40분 / 충전시간: 3시간 / 배터리용량: 6,000mAh / 크기: 223.5x84x65mm / 무게: 378g",79000
이지 100 차량용 무선 청소기 ECONER-T2,"차량용청소기 / 무선 / 흡입력: 4,500Pa / 최대출력: 45W / 헤파필터 / 추가노즐: 틈새, 솔브러쉬 / LED라이트 / 사용시간: ~25분 / 충전시간: 6시간 / 충전방식: USB C타입 / 배터리용량: 400mAh / 크기: 164x147x56mm / 무게: 300g / 색상: 화이트, 블랙",29640
블랙앤데커 PV1820C,핸디청소기 / 무선형 / 흡입전용 / [구성] 거치대 / [배터리] 충전시간: 4시간 / 사용시간: 12분 / [성능] 3단계여과 / [기능] 배터리잔량표시 / 프리볼트 / [부가] 색상: 크롬 / 무게: 1.38kg / 피벗노즐 / 크기(가로x세로x깊이): 270x170x140mm,86120
블랙앤데커 DVC320B01,핸디청소기 / 무선형 / 흡입전용 / 흡입력: 30AW / [구성] 바닥 / 솔형 / 틈새 / 거치대 / [배터리] 충전시간: 4시간 / 사용시간: 24분 / [성능] BLDC모터 / 3단계여과 / [부가] 먼지통용량: 0.12L / 무게: 1.25kg / 크기(가로x세로x깊이): 75x425x75mm,89900
DIBEA 올인원 UV,핸디스틱청소기 / 무선형 / 흡입전용 / 흡입력: 25000Pa / [구성] 바닥 / 침구 / 솔형 / 틈새 / 거치대 / [배터리] 분리형 (1개) / 충전시간: 3시간30분 / 사용시간: 50분 / [성능] BLDC모터 / 4단계여과 / [기능] 자동물공급 / LED라이트 / [부가] 먼지통용량: 0.46L / 색상: 레드 / 무게: 0.93kg / 크기(가로x세로x깊이): 250x1090x190mm,169000
대우어플라이언스 아쿠아젯 DEX-WC130,물걸레청소기 / 회전식 / 물걸레전용 / 무선형 / [배터리] 충전시간: 5시간 / 사용시간: 1시간 / [기능] 물분사 / 각도조절 / 셀프스탠딩 / [부가] 색상: 화이트 / 무게: 1.7kg / 크기(가로x세로): 160x1140mm,78790
보랄 더 데일리 HNZ-X5000RV,"핸디스틱청소기 / 무선형 / 흡입전용 / 흡입력: 10000Pa / [구성] 바닥 / 틈새 / 거치대 / [배터리] 내장형 / 충전시간: 5시간 / 사용시간: 38분 / [성능] BLDC모터 / [기능] 배터리잔량표시 / [부가] 색상: 퍼플, 골드 / 크기(가로x세로x깊이): 227x1007x110mm",454090
캐치웰 THC-1000,"핸디청소기 / 무선형 / 흡입전용 / 흡입력: 8000Pa / [구성] 솔형 / 틈새 / 연장툴 / 거치대 / [배터리] 충전시간: 4시간 / 사용시간: 28분 / [성능] 헤파필터 / [기능] 프리볼트 / [부가] 먼지통용량: 0.15L / 색상: 아이언그레이, 엣지블랙, 스톤화이트 / 무게: 0.58kg",39900
일렉트로룩스 퓨어 Q9 PQ91-2OG,핸디스틱청소기 / 무선형 / 흡입전용 / [구성] 바닥 / 솔형 / 틈새 / 거치대 / [배터리] 내장형 / 충전시간: 3시간30분 / 사용시간: 50분 / [성능] 5단계여과 / [기능] 브러쉬자동청소 / 셀프스탠딩 / LED라이트 / [부가] 먼지통용량: 0.3L / 색상: 그라나이트그레이 / 무게: 2.7kg / 크기(가로x세로x깊이): 234x1056x163mm,294590
청연엠엔에스 NV92-ECL77,"욕실청소기 / 무선형 / [부가] 색상: 화이트, 그레이 / 무게: 0.192kg / 브러쉬: 브러쉬, 스폰지, 캐시미어커버 / 크기(가로x세로x깊이): 66x193.4x78.4mm",12900
샤오미 SHUNZAO Z11 MAX,핸디스틱청소기 / 무선형 / 흡입전용 / 흡입력: 150AW / 흡입력: 26000PaPa / [구성] 바닥 / 침구 / 솔형 / 틈새 / 도킹스테이션 / [배터리] 분리형 (1개) / 충전시간: 3시간 / 사용시간: 1시간 / [성능] BLDC모터 / 헤파필터 / 5단계여과 / [기능] 물걸레(별도구매) / 디스플레이표시창 / 브러쉬자동청소 / [부가] 먼지통용량: 0.5L,179050
베이스어스 차량용 무선 진공 청소기 A2 (해외구매),"차량용청소기 / 무선 / 흡입력: 5,000Pa / 최대출력: 70W / 헤파필터 / 추가노즐: 솔브러쉬 / 사용시간: 18분 / 색상: 그린, 블랙, 화이트 / 60ml 먼지통 / 배터리 표시등",24470
휴스톰 듀얼스핀 HS-10000,물걸레청소기 / 회전식 / 물걸레전용 / 무선형 / [배터리] 리튬이온 (분리형) / 충전시간: 2시간30분 / 사용시간: 30분 / [기능] LED라이트 / 가구손상방지 / 각도조절 / 셀프스탠딩 / 배터리잔량표시 / [부가] 색상: 블랙 / 무게: 3.7kg / 모터과열방지 / 과충전방지 / 오토스토핑 / 패드: 극세사(벨크로형) / 크기(가로x세로x깊이): 410x1180x205mm,158990
삼성전자 비스포크 제트 AI VS28C973DR,"핸디스틱청소기 / 무선형 / 흡입+물걸레겸용 / 흡입력: 280W / [구성] 바닥 / 물걸레 / 솔형 / 틈새 / 일체형청정스테이션 / [배터리] 분리형 (2개) / 충전시간: 5시간 / 사용시간: 1시간20분 / [성능] 디지털인버터모터 / 5단계여과 / [기능] IoT기능 / 디스플레이표시창 / 먼지감지센서 / LED라이트 / 배터리잔량표시 / 자동먼지비움 / [부가] 먼지통용량: 0.5L / 색상: 새틴차콜 / 크기(가로x세로x깊이): 250x942x243mm / 출시가: 1,549,000원",1499990
LG전자 오브제컬렉션 코드제로 A9 AU9402WD,핸디스틱청소기 / 무선형 / 흡입전용 / 흡입력: 220W / [구성] 바닥 / 침구 / 솔형 / 틈새 / 올인원타워 / [배터리] 분리형 (1개) / 충전시간: 4시간 / 사용시간: 1시간 / [성능] 스마트인버터모터 / 헤파필터 / 5단계여과 / [기능] 물걸레(별도구매) / IoT기능 / 디스플레이표시창 / 자동물공급 / LED라이트 / 자동먼지비움 / [부가] 색상: 카밍베이지 / 무게: 2.5kg / 크기(가로x세로x깊이): 250x1120x260mm / 올인원타워 1.0,953950
로엘 듀스핀,물걸레청소기 / 회전식 / 물걸레전용 / 무선형 / [배터리] 리튬이온 / 충전시간: 3~4시간 / 사용시간: 4시간 / [기능] 각도조절 / 셀프스탠딩 / [부가] 무게: 0.98kg / 패드: 극세사(벨크로형) / 크기(가로x세로x깊이): 290x1050x135mm,62790
링크큐 오토팟 무선 핸디 청소기,"차량용청소기 / 무선 / 흡입력: 6,000Pa / 최대출력: 60W / 추가노즐: 틈새, 솔브러쉬 / 사용시간: 20분 / 충전시간: 3시간 / 충전방식: USB C타입 / 배터리용량: 2,000mAh / 크기: 340x88x77mm / 무게: 500g",31330
샤오미 드리미 V9,핸디스틱청소기 / 무선형 / 흡입전용 / 흡입력: 120AW / 흡입력: 20000Pa / [구성] 바닥 / 침구 / 솔형 / 틈새 / 연장툴 / 거치대 / [배터리] 충전시간: 3시간30분 / 사용시간: 60분 / [성능] BLDC모터 / 헤파필터 / 5단계여과 / [부가] 먼지통용량: 0.5L / 색상: 화이트 / 무게: 1.5kg,134850
리하스 S3,핸디스틱청소기 / 무선형 / 흡입전용 / 흡입력: 30000Pa / [구성] 바닥 / 틈새 / 패브릭 / 거치대 / [배터리] 분리형 (1개) / 충전시간: 4~5시간 / 사용시간: 42분 / [성능] BLDC모터 / 헤파필터 / 4단계여과 / [기능] 물걸레(별도구매) / 디스플레이표시창 / 먼지감지센서 / LED라이트 / [부가] 무게: 1.5kg,217600
블랙앤데커 BSV2020PS,핸디스틱청소기 / 무선형 / 흡입전용 / 흡입력: 40AW / [구성] 바닥 / 침구 / 펫 / 솔형 / 틈새 / [배터리] 분리형 (2개) / 충전시간: 5시간 / 사용시간: 1시간 / [기능] 셀프스탠딩 / LED라이트 / 배터리잔량표시 / [부가] 색상: 퍼플 / 무게: 2.75kg / 크기(가로x세로x깊이): 283x1030x217mm,214320
한빛시스템 HV-5099,핸디스틱청소기 / 무선형 / 흡입전용 / [구성] 바닥 / 솔형 / 틈새 / [배터리] 사용시간: 40분 / [성능] 헤파필터 / LED라이트 / [부가] 색상: 퍼플 / 무게: 2.3kg / 크기(가로x세로x깊이): 160x1160x270mm,74240
헤몬 차량용 무선 청소기,"차량용청소기 / 무선 / 흡입력: 6,600Pa / 최대출력: 120W / 헤파필터 / 추가노즐: 틈새, 솔브러쉬 / 사용시간: 25분 / 충전방식: USB C타입 / 배터리용량: 2,000mAh / 크기: 200x140mm / 무게: 270g",33790
신일 무선 차량용 핸디형 미니 청소기 SVC-W21NK,"차량용청소기 / 무선 / 헤파필터 / 추가노즐: 틈새, 솔브러쉬 / 사용시간: 15분 / 충전시간: 2~3시간 / 충전방식: USB C타입 / 배터리용량: 2,000mAh / 크기: 80x80x340mm / 무게: 630g",35900
샤오미 LYDSTO 핸디형 에어펌프 진공청소기,"차량용청소기 / 무선 / 흡입력: ~7,000Pa / 충전방식: USB C타입 / 배터리용량: 2,500mAH / 크기: 315x54x54mm / 무게: 570g / 압력설정 / 최대압력: 120psi",52900
듀플렉스 DP-480VC,핸디청소기 / 무선형 / 흡입전용 / [구성] 솔형 / 틈새 / 거치대 / [부가] 색상: 화이트+그린 / 무게: 1.5kg / 건 습식 / 크기(가로x세로x깊이): 120x390x120mm,25730
LG전자 오브제컬렉션 코드제로 A9S AU9672WD,핸디스틱청소기 / 무선형 / 흡입+물걸레겸용 / 흡입력: 220W / [구성] 와이드바닥 / 물걸레 / 솔형 / 틈새 / 올인원타워 / [배터리] 분리형 (1개) / 충전시간: 4시간 / 사용시간: 1시간 / [성능] 스마트인버터모터 / 헤파필터 / 5단계여과 / [기능] IoT기능 / 디스플레이표시창 / 자동물공급 / LED라이트 / 자동먼지비움 / [부가] 색상: 카밍베이지 / 무게: 2.7kg / 크기(가로x세로x깊이): 300x1120x260mm,898990
삼성전자 비스포크 제트 VS20A956E3,핸디스틱청소기 / 무선형 / 흡입+물걸레겸용 / 흡입력: 210W / [구성] 바닥 / 물걸레 / 침구 / 솔형 / 틈새 / 연장툴 / 일체형청정스테이션 / [배터리] 분리형 (1개) / 충전시간: 3시간30분 / 사용시간: 1시간 / [성능] 디지털인버터모터 / 5단계여과 / [기능] 디스플레이표시창 / 자동물공급 / 배터리잔량표시 / 자동먼지비움 / [부가] 먼지통용량: 0.5L / 색상: 우디그린 / 무게: 2.5kg / 크기(가로x세로x깊이): 250x930x202mm,616250
로보락 다이애드,"물걸레청소기 / 롤러식 / 물걸레+진공 / 무선형 / [배터리] 사용시간: 35분 / [기능] 각도조절 / 거치대 / 걸레자동세척 / [부가] 물통용량: 0.85L, 오수통 0.62L / 무게: 5.2kg / 음성알림 / 크기(가로x세로x깊이): 270x1112x191mm",499000
델로라 V11 파워 300W,"핸디스틱청소기 / 무선형 / 흡입전용 / 흡입력: 22000Pa / [구성] 바닥 / 침구 / 솔형 / 틈새 / 연장툴 / 거치대 / [배터리] 분리형 (1개) / 충전시간: 5시간 / 사용시간: 1시간10분 / [성능] BLDC모터 / 헤파필터 / 4단계여과 / LED라이트 / [부가] 먼지통용량: 0.6L / 색상: 레드, 블랙 / 무게: 3.89kg / 크기(가로x세로x깊이): 239x1255x105mm",81890
한빛시스템 HV-5088,핸디스틱청소기 / 무선형 / 흡입전용 / [구성] 바닥 / 솔형 / 틈새 / [배터리] 사용시간: 40분 / [성능] 헤파필터 / [기능] LED라이트 / 프리볼트 / [부가] 색상: 레드 / 무게: 2.3kg / 크기(가로x세로x깊이): 160x1160x270mm,75270
휴스톰 듀얼스핀 HS-10100W,물걸레청소기 / 회전식 / 물걸레전용 / 무선형 / [배터리] 리튬이온 (분리형) / 충전시간: 2시간30분 / [기능] LED라이트 / 각도조절 / 셀프스탠딩 / 배터리잔량표시 / [부가] 색상: 화이트 / 무게: 3.7kg / 패드: 극세사(벨크로형) / 크기(가로x세로x깊이): 410x1020x205mm,163380
아이룸 AST-009 플러스,핸디스틱청소기 / 무선형 / 흡입전용 / 흡입력: 12000Pa / [구성] 바닥 / 침구 / 솔형 / 틈새 / 연장툴 / 거치대 / 충전시간: 4시간 / 사용시간: 40분 / [성능] 헤파필터 / [기능] LED라이트 / 배터리잔량표시 / [부가] 색상: 퍼플 / 무게: 1.89kg,109000
코칸 차량용 무선 진공 핸디 청소기 CHC-UY01,"차량용청소기 / 무선 / 흡입력: 5,800Pa / 헤파필터 / 추가노즐: 솔브러쉬 / 크기: 70x290mm / 무게: 560g",38600
보만 충전식 무선 청소기 HV1115B,"차량용청소기 / 무선 / 흡입력: 5,500Pa / 최대출력: 45W / 2중필터 / 헤파필터 / 추가노즐: 틈새, 솔브러쉬 / 충전시간: 4시간 / 충전방식: USB C타입 / 배터리용량: 2,000mAh / 크기: 70x65x350mm / 무게: 531g",39000
테팔 엑스퍼트 6.60 TY6831,핸디스틱청소기 / 무선형 / 흡입전용 / [구성] 바닥 / 솔형 / 틈새 / [배터리] 분리형 (1개) / 충전시간: 4시간 / 사용시간: 45분 / [성능] DC모터 / [기능] LED라이트 / [부가] 먼지통용량: 0.55L / 무게: 2.34kg / 크기(가로x세로x깊이): 386x724x143mm,164250
인트비즈 MORUN 차량용 무선 미니 청소기 V5,"차량용청소기 / 무선 / 흡입력: 15,000Pa / 헤파필터 / 추가노즐: 틈새, 솔브러쉬, 연장호스 / 사용시간: 12분(고속),25분(저속) / 리튬이온배터리 / 색상: 바닐라화이트, 메탈그레이 / 크기: 56x330mm / 무게: 540g",88900
DIBEA 차이슨 ALLNEW22000,핸디스틱청소기 / 무선형 / 흡입+물걸레겸용 / 흡입력: 26000Pa / [구성] 바닥 / 물걸레 / 침구 / 솔형 / 틈새 / 연장툴 / 거치대 / [배터리] 내장형 / 충전시간: 4~5시간 / 사용시간: 40분 / [성능] BLDC모터 / 헤파필터 / 4단계여과 / [기능] LED라이트 / 배터리잔량표시 / [부가] 먼지통용량: 0.55L / 무게: 2.2kg / 크기(가로x세로x깊이): 240x1040x212mm,198000
샤크 에보 파워 플러스 WV250KR2,핸디스틱청소기 / 무선형 / 흡입전용 / [구성] 바닥 / 침구 / 솔형 / 틈새 / 연장툴 / [배터리] 분리형 (1개) / 충전시간: 2시간30분 / 사용시간: 12분 / [성능] BLDC모터 / [부가] 색상: 블랙 / 무게: 0.624kg / 크기(가로x세로x깊이): 61x419x53mm,177100
테팔 에어포스 라이트 TY6545KL,핸디스틱청소기 / 무선형 / 흡입전용 / [구성] 바닥 / [배터리] 충전시간: 5시간 / 사용시간: 30분 / [성능] 헤파필터 / [기능] 셀프스탠딩 / LED라이트 / 배터리잔량표시 / [부가] 먼지통용량: 0.96L / 색상: 블랙 / 무게: 2.31kg / 크기(가로x세로x깊이): 260x1092x220 mm,125120
LG전자 코드제로 A9 A9100S,핸디스틱청소기 / 무선형 / 흡입전용 / 흡입력: 140W / [구성] 바닥 / 솔형 / 틈새 / 거치대 / [배터리] 분리형 (1개) / 충전시간: 3시간30분 / 사용시간: 40분 / [성능] 인버터모터 / 헤파필터 / 5단계여과 / [기능] 물걸레(별도구매) / 배터리잔량표시 / [부가] 색상: 판타지실버 / 크기(가로x세로x깊이): 250x1120x260mm,636500
무궁화전자 바로바로 MC-B250,핸디스틱청소기 / 무선형 / 흡입전용 / 흡입력: 60W / [구성] 바닥 / 틈새 / 연장툴 / 거치대 / [배터리] 충전시간: 8시간 / 사용시간: 20분 / [부가] 무게: 1.3kg / 크기(가로x세로x깊이): 144x387x136mm,40790
캐치웰 CX PRO,핸디스틱청소기 / 무선형 / 흡입전용 / [구성] 바닥 / 침구 / 솔형 / 틈새 / 연장툴 / [배터리] 분리형 (1개) / 충전시간: 6시간 / 사용시간: 1시간 / [성능] BLDC모터 / 5단계여과 / [기능] 물걸레(별도구매) / 자동먼지비움,319000
오아 클린보틀 차량용 청소기 OA-CL002,"차량용청소기 / 무선 / 흡입력: 6,500Pa / 헤파필터 / 추가노즐: 틈새, 솔브러쉬 / 사용시간: 20분 / 충전시간: 2.5시간 / 크기: 73x73x305mm / 무게 : 703g",57800
샤오미 COCLEAN V30,핸디스틱청소기 / 무선형 / 흡입전용 / 흡입력: 155AW / 흡입력: 25000Pa / [구성] 바닥 / 솔형 / 틈새 / 거치대 / [배터리] 분리형 (1개) / 충전시간: 4시간30뷴 / 사용시간: 1시간 / [성능] BLDC모터 / 헤파필터 / 3단계여과 / [기능] 디스플레이표시창 / LED라이트 / [부가] 색상: 그린 / 무게: 1.27kg / 크기(가로x세로x깊이): 250x1150x220mm,129912
다이슨 V8 플러피,핸디스틱청소기 / 무선형 / 흡입전용 / 흡입력: 155AW / [구성] 소프트롤러 / 미니모터 / 솔형 / 더스팅 / 틈새 / 매트리스 / 연장툴 / 도킹스테이션 / [배터리] 충전시간: 5시간 / 사용시간: 40분 / [부가] 무게: 2.58kg / 크기(가로x세로x깊이): 250x1264x224mm,649350
쿠쿠전자 CVC-B1020UG,핸디스틱청소기 / 무선형 / 흡입전용 / [구성] 바닥 / 솔형 / 틈새 / 연장툴 / 거치대 / 사용시간: 33분 / [성능] BLDC모터 / 헤파필터 / 4단계여과 / [기능] 배터리잔량표시 / [부가] 색상: 매트그레이 / 무게: 2.7kg / 크기(가로x세로x깊이): 240x1170x260mm,159930
샤오미 드리미 T30,핸디스틱청소기 / 무선형 / 흡입전용 / 흡입력: 190AW / 흡입력: 27000Pa / [구성] 바닥 / 솔형 / 틈새 / 연장툴 / 거치대 / [배터리] 사용시간: 1시간30분 / [성능] 헤파필터 / 5단계여과 / [기능] 물걸레(별도구매) / 먼지감지센서 / LED라이트 / 배터리잔량표시 / [부가] 먼지통용량: 0.6L / 물통용량: 0.23L / 색상: 실버 / 무게: 1.76kg,399000
쿠쿠전자 파워클론 CVC-B1010UG,핸디스틱청소기 / 무선형 / 흡입전용 / [구성] 바닥 / 솔형 / 더스팅 / 틈새 / 연장툴 / 거치대 / [배터리] 분리형 (1개) / 사용시간: 33분 / [성능] BLDC모터 / 헤파필터 / 4단계여과 / [기능] 배터리잔량표시 / [부가] 색상: 매트그레이 / 무게: 2.7kg / 크기(가로x세로x깊이): 260x1170x240mm,248310
위드피플즈 가제트 차량용 청소기 GVC3000,"차량용청소기 / 무선 / 흡입력: 12,000Pa / 추가노즐: 틈새, 솔브러쉬 / 배터리: 7,200mAh / 3단계 출력 조절 / 무게: 494g / 충전시간: 4~5시간 / 모터속도: 90,000rpm",58850
웨이코스 씽크웨이 ThinkAir 세상깨끗한 TA-MV9,물걸레청소기 / 회전식 / 물걸레전용 / 무선형 / [배터리] 충전시간: 3시간 / 사용시간: 1시간 / [기능] 물분사 / LED라이트 / 셀프스탠딩 / 걸레자동세척 / [부가] 물통용량: 0.3L / 패드: 극세사(벨크로형) / 크기(가로x세로x깊이): 205x1260x360mm,130950
샤오미 로이드미 X30 프로,핸디스틱청소기 / 무선형 / 흡입전용 / 흡입력: 150AW / 흡입력: 26500Pa / [구성] 바닥 / 물걸레 / 펫 / 매트리스 / 연장툴 / 거치대 / [배터리] 충전시간: 2시간30분 / 사용시간: 1시간10분 / [성능] BLDC모터 / 헤파필터 / 6단계여과 / [기능] LED라이트 / 배터리잔량표시 / 프리볼트 / [부가] 먼지통용량: 0.55L / 색상: 실버 / 무게: 2.7kg / 크기(가로x세로x깊이): 259x1191x164mm,278060
일렉트로룩스 에르고라피도 파워프로 ZB3424BL,핸디스틱청소기 / 무선형 / 흡입전용 / [구성] 바닥 / 침구 / 솔형 / 틈새 / 긴틈새 / 패브릭 / 연장툴 / 거치대 / [배터리] 내장형 / 충전시간: 4시간 / 사용시간: 48분 / [성능] 4단계여과 / [기능] 셀프스탠딩 / 배터리잔량표시 / [부가] 먼지통용량: 0.42L / 색상: 소프트샌드 / 무게: 3.6kg,235030
샤오미 SHUNZAO 차량용 무선청소기 2세대 Z1 (해외구매),"차량용청소기 / 무선 / 흡입력: 7,000Pa / 최대출력: 90W / 2중필터 / 추가노즐: 틈새, 솔브러쉬 / LED라이트 / 사용시간: 30분 / 충전방식: USB C타입 / 충전시간: 2시간30분 / 크기: 73x76x336mm / 무게: 700g",30290
삼성전자 비스포크 제트 AI VS25C972DR,"핸디스틱청소기 / 무선형 / 흡입+물걸레겸용 / 흡입력: 250W / [구성] 바닥 / 물걸레 / 솔형 / 틈새 / 일체형청정스테이션 / [배터리] 분리형 (2개) / 충전시간: 5시간 / 사용시간: 1시간20분 / [성능] 디지털인버터모터 / 5단계여과 / [기능] IoT기능 / 디스플레이표시창 / 먼지감지센서 / LED라이트 / 배터리잔량표시 / 자동먼지비움 / [부가] 먼지통용량: 0.5L / 색상: 새틴차콜 / 크기(가로x세로x깊이): 250x942x243mm / 출시가: 1,449,000원",1439910
샤오미 G10,핸디스틱청소기 / 무선형 / 흡입+물걸레겸용 / 흡입력: 150AW / 흡입력: 25000Pa / [구성] 바닥 / 물걸레 / 침구 / 솔형 / 틈새 / 연장툴 / 거치대 / [배터리] 분리형 (1개) / 충전시간: 4시간 / 사용시간: 1시간5분 / [성능] BLDC모터 / 헤파필터 / 5단계여과 / [기능] 먼지감지센서 / 배터리잔량표시 / 프리볼트 / [부가] 먼지통용량: 0.6L / 물통용량: 0.25L / 색상: 화이트 / 무게: 4kg / 크기(가로x세로x깊이): 256x1286x214mm,241930
미닛츠 YS-MI2021VC,"업소용청소기 / 건습식 / 무선형 / 흡입력: 1200W / [기능] 헤파필터 / 이동바퀴 / [부가] 탱크용량: 15L / 무게: 6.4kg / 브러쉬: 바닥, 틈새, 연장관 / 크기(가로x세로x깊이): 350x500x355mm",198130
쿠팡 홈플래닛 미니 핸디 무선청소기 CP-HVC02,"차량용청소기 / 무선 / 흡입력: 5,000Pa / 최대출력: 42W / 추가노즐: 틈새, 솔브러쉬 / LED라이트 / 사용시간: 15분 / 충전시간: 2시간 / 충전방식: USB C타입 / 배터리용량: 2,000mAh / 크기: 150x147x55mm / 무게: 300g",24990
마끼다 DCL181,핸디스틱청소기 / 무선형 / 흡입전용 / 흡입력: 5300Pa / [구성] 바닥 / 틈새 / 연장툴 / 사용시간: 40분 / [부가] 먼지통용량: 0.65L / 무게: 1.2kg,67350
일렉트로룩스 WELL Q7 WQ71-2OIB,핸디스틱청소기 / 무선형 / 흡입전용 / [구성] 바닥 / 솔형 / 더스팅 / 틈새 / 거치대 / [배터리] 내장형 / 충전시간: 4시간30분 / 사용시간: 50분 / [성능] 5단계여과 / [기능] 브러쉬자동청소 / 셀프스탠딩 / LED라이트 / 배터리잔량표시 / [부가] 먼지통용량: 0.3L / 색상: 인디고블루 / 무게: 2.8kg / 크기(가로x세로x깊이): 386x692x140mm,232390
일렉트로룩스 WELL Q7 WQ71-2BSWF,핸디스틱청소기 / 무선형 / 흡입전용 / [구성] 바닥 / 침구 / 솔형 / 더스팅 / 긴틈새 / 거치대 / [배터리] 내장형 / 충전시간: 4시간30분 / 사용시간: 50분 / [성능] 5단계여과 / [기능] 셀프스탠딩 / LED라이트 / 배터리잔량표시 / [부가] 먼지통용량: 0.3L / 색상: 사틴화이트 / 무게: 2.8kg / 크기(가로x세로x깊이): 386x692x146mm,338000
알토디자인 에코너 T-1 핸디형 무선 차량용 청소기,"차량용청소기 / 무선 / 흡입력: 6,000Pa / 최대출력: 70W / 헤파필터 / 추가노즐: 틈새, 솔브러쉬 / 사용시간: 12~20분 / 크기: 73.4x301.7mm / 무게: 606g",46800
LG전자 오브제컬렉션 코드제로 A9S AT9201WB,핸디스틱청소기 / 무선형 / 흡입전용 / 흡입력: 210W / [구성] 바닥 / 솔형 / 틈새 / 올인원타워 / [배터리] 분리형 (1개) / 충전시간: 4시간 / 사용시간: 1시간 / [성능] 스마트인버터모터 / 타공/분리형배기필터 / 헤파필터 / 5단계여과 / [기능] 물걸레(별도구매) / IoT기능 / 자동물공급 / 배터리잔량표시 / 자동먼지비움 / [부가] 색상: 카밍베이지 / 무게: 2.6kg / 크기(가로x세로x깊이): 250x1120x260mm,699470
블랙앤데커 BHHV520BFP07,핸디청소기 / 무선형 / 흡입전용 / 흡입력: 35AW / [구성] 펫 / 틈새 / 거치대 / [배터리] 충전시간: 5시간 / 사용시간: 25분 / [기능] 배터리잔량표시 / [부가] 먼지통용량: 0.7L / 무게: 1.2kg,101150
아이코넬 차량용 청소기 ICL-V01,"차량용청소기 / 유무선 / 12V / 흡입력: 5,000Pa / 최대출력: 120W / 헤파필터 / 스테인리스 필터 / 추가노즐: 틈새, 솔브러쉬, 연장호스 / 사용시간: 30분 / 코드길이: 4.5m / 색상: 네이비, 블랙 / 크기: 375x84x86mm",28990
파빗 2세대 전동청소솔 PRO FB-B270PRO,"욕실청소기 / 무선형 / [배터리] 충전시간: 3시간 / 사용시간: 1시간20분 / [기능] 디스플레이표시창 / [부가] 색상: 화이트 / 무게: 0.77kg / 브러쉬: 일반평자, 틈새, 넓은평자 / 크기(가로x세로x깊이): 275x85x170mm",43380
경성오토비스 KAC-8000,물걸레청소기 / 왕복식 / 물걸레전용 / 무선형 / [배터리] 리튬이온 / 충전시간: 3시간 / 사용시간: 1시간20분 / [기능] 각도조절 / [부가] 색상: 화이트 / 무게: 3.1kg / 패드: 극세사(밸크로형)  / 크기(가로x세로x깊이): 270x1180x270mm,145040
블랙앤데커 PV1820BK,핸디청소기 / 무선형 / 흡입전용 / 흡입력: 35AW / [구성] 틈새 / 거치대 / [배터리] 충전시간: 4시간 / 사용시간: 12분 / [성능] 3단계여과 / [기능] 배터리잔량표시 / 프리볼트 / [부가] 색상: 블랙 / 무게: 1.38kg / 피벗노즐 / 크기(가로x세로x깊이): 140x270x170mm,89750
샤오미 유핀 M2,"욕실청소기 / 무선형 / [배터리] 충전시간: 2시간 / 사용시간: 1시간20분 / [부가] 무게: 0.95kg / 생활방수(IPX7급) / 브러쉬: 큰플랫, 작은플랫, 구석, 코너라운드",34370
신일전자 SVC-D900RK,핸디청소기 / 무선형 / 흡입전용 / [구성] 틈새 / [배터리] 충전시간: 6시간30분 / 사용시간: 15분 / [기능] 프리볼트 / [부가] 먼지통용량: 0.4L / 물통용량: 0.1L / 색상: 화이트 / 무게: 1kg / 건습식 / 크기(가로x세로x깊이): 137x405x144mm,47780
휴스톰 듀얼스핀 플러스 HS-11000,물걸레청소기 / 회전식 / 물걸레전용 / 무선형 / [배터리] 리튬이온 (분리형) / 충전시간: 2시간30분 / 사용시간: 30분 / [기능] LED라이트 / 가구손상방지 / 각도조절 / 배터리잔량표시 / 거치대 / [부가] 색상: 블랙 / 무게: 3.7kg / 모터과열방지 / 과충전방지 / 오토스토핑 / 패드: 극세사(벨크로형) / 크기(가로x세로x깊이): 410x1180x205mm,194650
삼성전자 비스포크 제트 AI VS25C970DW,"핸디스틱청소기 / 무선형 / 흡입+물걸레겸용 / 흡입력: 250W / [구성] 바닥 / 물걸레 / 솔형 / 틈새 / 일체형청정스테이션 / [배터리] 분리형 (1개) / 충전시간: 3시간30분 / 사용시간: 1시간 / [성능] 디지털인버터모터 / 5단계여과 / [기능] IoT기능 / 디스플레이표시창 / 먼지감지센서 / LED라이트 / 배터리잔량표시 / 자동먼지비움 / [부가] 먼지통용량: 0.5L / 색상: 새틴그레이지 / 크기(가로x세로x깊이): 250x942x243mm / 출시가: 1,290,900원",1230620
마끼다 DCL182ZW,핸디스틱청소기 / 무선형 / 흡입전용 / 흡입력: 5400Pa / [배터리] 분리형 (1개) / 충전시간: 22분 / 사용시간: 40분 / [기능] 배터리잔량표시 / [부가] 먼지통용량: 0.5L / 색상: 화이트 / 무게: 1.3kg / 스위블헤드 / 크기(가로x세로x깊이): 151x1004x151mm,57010
쎈스톰 에어쎈 EVC-A010ARD,핸디스틱청소기 / 무선형 / 흡입전용 / [구성] 바닥 / 솔형 / 틈새 / 거치대 / [배터리] 충전시간: 4시간 / 사용시간: 35분 / [성능] 헤파필터 / 3단계여과 / [기능] 셀프스탠딩 / LED라이트 / 배터리잔량표시 / 프리볼트 / [부가] 먼지통용량: 0.5L / 색상: 레드 / 무게: 2.2kg / 크기(가로x세로x깊이): 250x470x170mm,115640
테팔 엑스포스 8.60 라이트 TY9635KO,핸디스틱청소기 / 무선형 / 흡입전용 / [구성] 바닥 / 솔형 / 틈새 / [배터리] 분리형 (1개) / 충전시간: 3시간 / 사용시간: 45분 / [성능] DC모터 / [부가] 먼지통용량: 0.55L / 색상: 실버&블루 / 무게: 2.58kg / 크기(가로x세로x깊이): 235x1060x240mm,235900
루베크 핸디형 무선 청소기 RU-386,"차량용청소기 / 무선 / 최대출력: 25W / 추가노즐: 틈새, 솔브러쉬 / 사용시간: 8분 / 충전시간: 10시간 / 크기: 390x120x110mm",27900
삼성전자 비스포크 슬림 VS15A680AEG,스틱청소기 / 무선형 / 흡입전용 / 흡입력: 150W / [구성] 바닥 / 틈새 / [배터리] 내장형 / 충전시간: 4시간 / 사용시간: 50분 / [성능] 디지털인버터모터 / 5단계여과 / [기능] 물걸레(별도구매) / IoT기능 / 셀프스탠딩 / LED라이트 / [부가] 먼지통용량: 0.3L / 색상: 페블그레이 / 무게: 2.6kg / 크기(가로x세로x깊이): 250x1143x194mm,311750
신일전자 SVC-499WS,핸디청소기 / 무선형 / 흡입전용 / [구성] 바닥 / 틈새 / 연장툴 / 거치대 / [배터리] 충전시간: 8시간 / 사용시간: 8~12분 / [부가] 색상: 블랙 / 크기(가로x세로x깊이): 200x420x138mm,56400
포유디지탈 iMUZ 아쿠아 클링 F1,물걸레청소기 / 롤러식 / 물걸레+진공 / 무선형 / [배터리] 리튬이온 / 사용시간: 35분 / [기능] 흡입력: 12000Pa / BLDC모터 / 배터리잔량표시 / 걸레자동세척 / 헤파필터 / 2단계여과 / [부가] 물통용량: 0.85L / 무게: 4.9kg / 크기(가로x세로x깊이): 280x1135x270mm,329370
한경희이지라이프 차량용 핸디 청소기 D32,"차량용청소기 / 무선 / 최대출력: 80W / 헤파필터 / 추가노즐: 틈새, 솔브러쉬 / 충전방식: USB C타입 / 크기: 315x67mm",52000
쿠팡 홈플래닛 WL05,핸디청소기 / 무선형 / 흡입전용 / 흡입력: 6000Pa / [구성] 바닥 / 솔형 / 틈새 / [배터리] 사용시간: 20분 / [성능] 헤파필터 / 2단계여과 / [부가] 먼지통용량: 0.35L / 색상: 화이트 / 무게: 0.65kg / 크기(가로x세로x깊이): 120x400x170mm,32990
무궁화전자 바로바로 MC-B601,핸디청소기 / 무선형 / 흡입전용 / 흡입력: 15W / [구성] 틈새 / [배터리] 충전시간: 8시간 / 사용시간: 10분 / [부가] 색상: 오렌지 / 무게: 0.75kg / 크기(가로x세로x깊이): 174x103x317mm,23160
보쉬 GAS10.8V-LI,핸디청소기 / 무선형 / 흡입전용 / 사용시간: 7분 / [부가] 색상: 블루 / 크기(가로x세로x깊이): 273x170x77mm,45280
신일전자 SVC-PB195BUP,핸디스틱청소기 / 무선형 / 흡입전용 / [구성] 바닥 / 솔형 / 틈새 / 거치대 / [배터리] 충전시간: 5시간 / 사용시간: 35분 / [성능] DC모터 / 헤파필터 / 4단계여과 / [기능] LED라이트 / 배터리잔량표시 / [부가] 색상: 블랙+블루 / 크기(가로x세로x깊이): 260x1170x230mm,93930
알로코리아 차량용 무선 청소기 AVC1,"차량용청소기 / 무선 / 흡입력: 4,500Pa / 헤파필터 / 스테인리스 필터 / 추가노즐: 틈새, 솔브러쉬 / 사용시간: 25분 / 크기: 55.5x55.5x26mm / 무게: 395g",45800
베이스어스 차량용 청소기 A3,"차량용청소기 / 무선 / 흡입력: 15,000Pa / 최대출력: 135W / 헤파필터 / 추가노즐: 틈새, 솔브러쉬 / LED라이트 / 사용시간: 45분 / 배터리 잔량표시 / 소음: 75dB / 충전방식: USB C타입 / 충전시간: 3~5시간 / 색상: 그린, 실버 / 크기: 296x56.5mm",101300
휴스톰 듀얼스핀 HS-10000W,물걸레청소기 / 회전식 / 물걸레전용 / 무선형 / [배터리] 리튬이온 (분리형) / 충전시간: 2시간30분 / 사용시간: 30분 / [기능] LED라이트 / 가구손상방지 / 각도조절 / 셀프스탠딩 / 배터리잔량표시 / [부가] 색상: 화이트 / 무게: 3.7kg / 모터과열방지 / 과충전방지 / 오토스토핑 / 패드: 극세사(벨크로형) / 크기(가로x세로x깊이): 410x1020x205mm,168990
퍼피유 T12 Pro Rinse,핸디스틱청소기 / 무선형 / 흡입+물걸레겸용 / 흡입력: 185AW / 흡입력: 26000Pa / [구성] 바닥 / 물걸레 / 침구 / 솔형 / 더스팅 / 틈새 / 거치대 / [배터리] 충전시간: 4시간 / 사용시간: 1시간10분 / [성능] BLDC모터 / 헤파필터 / 6단계여과 / [기능] 자동물공급 / 먼지감지센서 / LED라이트 / 배터리잔량표시 / [부가] 먼지통용량: 0.42L / 물통용량: 0.39L / 무게: 1.6kg / 크기(가로x세로x깊이): 225x391x99mm,429140
휴스톰 듀얼액션 글라이드 HG-2000,물걸레청소기 / 롤러식 (분당 800회) / 물걸레전용 / 무선형 / [배터리] 리튬이온 / 충전시간: 3시간 / 사용시간: 30분 / [기능] 물분사 / LED라이트 / 각도조절 / 셀프스탠딩 / 배터리잔량표시 / 거치대 / 걸레자동세척 / [부가] 물통용량: 0.4L / 오수통: 0.3L / 무게: 3.5kg / 크기(가로x세로x깊이): 325x1120x200mm,253800
삼성전자 제트 VS20T92P8SD,핸디스틱청소기 / 무선형 / 흡입+물걸레겸용 / 흡입력: 200W / [구성] 바닥 / 물걸레 / 침구 / 솔형 / 틈새 / 연장툴 / 거치대 / 청정스테이션 / [배터리] 분리형 (2개) / 충전시간: 3시간30분 / 사용시간: 1시간 / [성능] 인버터모터 / 헤파필터 / 5단계여과 / [기능] 디스플레이표시창 / 프리볼트 / [부가] 먼지통용량: 0.6L / 색상: 티탄/그레이 / 무게: 2.64kg / 크기(가로x세로x깊이): 250x1123x215mm,521770
다이슨 디지털 슬림 플러피+,핸디스틱청소기 / 무선형 / 흡입전용 / 흡입력: 100AW / [구성] 슬림소프트롤러 / 미니모터 / 솔형 / 스터번더트 / 틈새 / 매트리스 / 연장툴 / 거치대 / 도킹스테이션 / [배터리] 분리형 (1개) / 충전시간: 3시간30분 / 사용시간: 40분 / [성능] 5단계여과 / [기능] 디스플레이표시창 / [부가] 먼지통용량: 0.3L / 색상: 오렌지 / 무게: 1.9kg / 크기(가로x세로x깊이): 250x1100x250mm,852210
일렉트로룩스 Well Q8 WQ81-3OMBF,핸디스틱청소기 / 무선형 / 흡입전용 / [구성] 바닥 / 솔형 / 틈새 / 거치대 / [배터리] 내장형 / 충전시간: 4시간30분 / 사용시간: 53분 / [성능] 알러지필터 / E10급 / 5단계여과 / [기능] 셀프스탠딩 / LED라이트 / [부가] 먼지통용량: 0.3L / 색상: 마호가니브론즈 / 무게: 2.8kg / 크기(가로x세로x깊이): 258ㅌ1105ㅌ140mm,298880
보아르 워시스핀C VCL-031WH,"욕실청소기 / 무선형 / [부가] 색상: 화이트 / 방수 IPX5등급 / 브러쉬: 기본, 포인트, 하드스펀지, 소프트스펀지, 광택커버 / 크기(가로x세로x깊이): 190x66x119mm",24890
일렉트로룩스 퓨어 Q9 파워프로 PQ92-3BWF,핸디스틱청소기 / 무선형 / 흡입전용 / [구성] 바닥 / 침구 / 솔형 / 더스팅 / 틈새 / 긴틈새 / 거치대 / [배터리] 내장형 / 충전시간: 4시간 / 사용시간: 53분 / [성능] 5단계여과 / [기능] 셀프스탠딩 / LED라이트 / [부가] 먼지통용량: 0.3L / 색상: 사틴화이트 / 무게: 2.89kg / 크기(가로x세로x깊이): 256x1097x155mm,366820
샤오미 TROUVER POWER 12,핸디스틱청소기 / 무선형 / 흡입전용 / 흡입력: 150AW / 흡입력: 22000Pa / [구성] 바닥 / 침구 / 솔형 / 틈새 / 연장툴 / 거치대 / [배터리] 분리형 (1개) / 충전시간: 3시간30분 / 사용시간: 1시간 / [성능] BLDC모터 / 헤파필터 / 5단계여과 / [기능] 배터리잔량표시 / [부가] 먼지통용량: 0.4L / 색상: 실버 / 무게: 1.45kg,168370
삼성전자 제트 VS15R8500BF,핸디스틱청소기 / 무선형 / 흡입전용 / 흡입력: 150W / [구성] 바닥 / 솔형 / 틈새 / 거치대 / [배터리] 분리형 (1개) / 충전시간: 3시간30분 / 사용시간: 40분 / [성능] 인버터모터 / 헤파필터 / 5단계여과 / [기능] 물걸레(별도구매) / 디스플레이표시창 / 프리볼트 / [부가] 먼지통용량: 0.5L / 색상: 틸민트 / 무게: 2.57kg / 크기(가로x세로x깊이): 250x1123x215mm,392700
블랙홀릭 블랙팟 싹흡입하카 미니청소기 BHG014,"차량용청소기 / 무선 / 흡입력: 5,000Pa / 최대출력: 44W / 헤파필터 / 추가노즐: 틈새, 솔브러쉬 / 사용시간: 25분 / 구성: 본품 + 틈새 노즐1개 + 브러쉬 노즐 +연장노즐 + USB 충전케이블 / 무게: 409g",50420
삼성전자 비스포크 제트 VS20B957G5,핸디스틱청소기 / 무선형 / 흡입+물걸레겸용 / 흡입력: 220W / [구성] 바닥 / 물걸레 / 펫 / 침구 / 솔형 / 틈새 / 연장툴 / 일체형청정스테이션 / [배터리] 분리형 (2개) / 충전시간: 3시간30분 / 사용시간: 1시간 / [성능] 디지털인버터모터 / 5단계여과 / [기능] IoT기능 / 디스플레이표시창 / 자동물공급 / LED라이트 / 배터리잔량표시 / 자동먼지비움 / [부가] 먼지통용량: 0.5L / 색상: 이브닝코랄 / 크기(가로x세로x깊이): 250x930x202mm,855590
롯데알미늄 LC-1500,업소용청소기 / 건습식 / 무선형 / 흡입력: 16000Pa / [기능] 헤파필터 / 충전시간: 5시간 / 사용시간: 40분 / 이동바퀴 / 연장관 / 에어컴프레셔 / [부가] 탱크용량: 15L / 크기(가로x세로x깊이): 340x330x340mm,179000
블랙앤데커 HLVC320B,핸디청소기 / 무선형 / 흡입전용 / 흡입력: 30AW / [구성] 바닥 / 솔형 / 틈새 / 거치대 / [배터리] 충전시간: 5시간 / 사용시간: 13분 / [부가] 먼지통용량: 0.12L / 색상: 블랙 / 무게: 0.71kg / 크기(가로x세로): 75x440mm,62800
LG전자 코드제로 A9S AT9571IB,핸디스틱청소기 / 무선형 / 흡입+물걸레겸용 / 흡입력: 210W / [구성] 바닥 / 물걸레 / 침구 / 솔형 / 틈새 / 올인원타워 / [배터리] 분리형 (2개) / 충전시간: 4시간 / 사용시간: 1시간 / [성능] 스마트인버터모터 / 헤파필터 / 5단계여과 / [기능] IoT기능 / 자동물공급 / 배터리잔량표시 / 자동먼지비움 / [부가] 색상: 아이언그레이+딥그레이 / 무게: 2.6kg / 크기(가로x세로x깊이): 250x1120x260mm,1002430
불스원 파워슬림 BLDC 차량 청소기 BVB424,"차량용청소기 / 무선 / 흡입력: 16,000Pa / 2중필터 / 추가노즐: 틈새, 솔브러쉬 / LED라이트 / 사용시간: 12분 / 무게: 약 2.3kg",112450
캐치웰 C10,핸디스틱청소기 / 무선형 / 흡입전용 / [구성] 바닥 / 물걸레 / 솔형 / 틈새 / 연장툴 / 거치대 / [배터리] 분리형 (1개) / 충전시간: 4시간 / 사용시간: 30분 / [성능] BLDC모터 / 헤파필터 / [기능] LED라이트 / 배터리잔량표시 / [부가] 색상: 크리스탈레드 / 무게: 1.24kg,161670
뉴메이슨 듀얼 차량용 청소기 JB-P02,"차량용청소기 / 무선 / 흡입력: 15,000~Pa / 2중필터 / 헤파필터 / 추가노즐: 틈새, 솔브러쉬, 연장호스 / 사용시간: 20분 / 배터리: 6,000mAh / 크기: 189x66x159mm / 무게 : 510g",65970
삼성전자 제트 VS20T9278S3,핸디스틱청소기 / 무선형 / 흡입+물걸레겸용 / 흡입력: 200W / [구성] 바닥 / 물걸레 / 침구 / 솔형 / 틈새 / 연장툴 / 거치대 / [배터리] 분리형 (2개) / 충전시간: 3시간30분 / 사용시간: 1시간 / [성능] 인버터모터 / 헤파필터 / 5단계여과 / [기능] 디스플레이표시창 / 프리볼트 / [부가] 먼지통용량: 0.5L / 색상: 티탄+실버 / 크기(가로x세로x깊이): 250x1136x215mm,429890
로리스토어 알파플랜 차량용 무선 에어건 청소기 ACV01,"차량용청소기 / 무선 / 흡입력: 8,000Pa / 헤파필터 / 추가노즐: 틈새, 솔브러쉬 / LED라이트 / 사용시간: 35분 / 충전시간: 4시간 / 대용량 배터리 탑재 / 무게: 510g",39500
비브르 스톰파워 VE30,핸디스틱청소기 / 무선형 / 흡입+물걸레겸용 / 흡입력: 25000Pa / [구성] 바닥 / 물걸레 / 침구 / 솔형 / 틈새 / 거치대 / [배터리] 분리형 (1개) / 충전시간: 3시간 / 사용시간: 40분 / [성능] BLDC모터 / 헤파필터 / [기능] 디스플레이표시창 / LED라이트 / [부가] 먼지통용량: 0.8L / 색상: 블랙 / 무게: 1.5kg,172950
싹쓰리 핸디형 무선 청소기 YD-695,"차량용청소기 / 무선 / 흡입력: 9,000Pa / 최대출력: 120W / 추가노즐: 틈새, 솔브러쉬 / 배터리용량: 4,000mAh / 색상: 스페이스그레이, 펄화이트 / 크기: 244x72x157mm / 무게: 350g",31900
훠링 미니 무선 청소기,"차량용청소기 / 무선 / 흡입력: 5,500Pa / 최대출력: 74W / 헤파필터 / 추가노즐: 틈새, 솔브러쉬 / 사용시간: 16분 / 충전시간: 2시간 / 충전방식: USB C타입 / 크기: 73x73x300mm / 무게: 580g",50600
마이리빙 이지러빙 SNAPP-BC-01,"욕실청소기 / 무선형 / [배터리] 내장형 / 충전시간: 3시간 / 사용시간: 1시간40분 / [기능] 디스플레이표시창 / [부가]  브러쉬: 라운드, 평면, 틈새, 스펀지, 광택, 물걸레, 거치대",74900
테팔 에어포스360라이트 아쿠아 TY5586,핸디스틱청소기 / 무선형 / 흡입+물걸레겸용 / [구성] 바닥 / 솔형 / 틈새 / 패브릭 / [배터리] 분리형 (1개) / 충전시간: 4시간30분 / 사용시간: 28분 / [성능] BLDC모터 / 6단계여과 / [기능] 자동물공급 / LED라이트 / [부가] 먼지통용량: 0.5L / 물통용량: 0.19L / 무게: 2.6kg,442860
신일전자 SVC-SHS500,핸디청소기 / 무선형 / 흡입전용 / 흡입력: 60W / [구성] 틈새 / [배터리] 충전시간: 8시간 / 사용시간: 9분 / [부가] 색상: 블랙+레드 / 크기(가로x세로x깊이): 400x200x138mm,41010
오아 클린벨 핸디 미니 차량용 청소기,"차량용청소기 / 무선 / 흡입력: 5,500Pa / 2중필터 / 헤파필터 / 추가노즐: 연장호스 / 사용시간: 20분 / 크기: 71x298mm / 무게: 570g",47800
엔퓨텍 퓨라이트XD,침구청소기 / 핸디형 / 무선형 / 충전시간: 2시간 / 사용시간: 1시간30분 / [기능] 청소모드: UV살균 / [부가] 무게: 0.453kg / 크기(가로x세로x깊이): 80x530x60mm,198000
카렉스 파워스톰 스마트 무선 청소기 6WC0900037,"차량용청소기 / 무선 / 흡입력: 13,000Pa / 헤파필터 / 스테인리스 필터 / 추가노즐: 틈새, 솔브러쉬 / 사용시간: 10~17분 / 배터리용량: 1,950mAH / 충전시간: 4~5시간 / 소음: 70dB / 무게: 600g",75370
무궁화전자 바로바로 MC-B100,핸디청소기 / 무선형 / 흡입전용 / 흡입력: 15W / [구성] 틈새 / 거치대 / [배터리] [부가] 색상: 레드 / 무게: 1kg / 크기(가로x세로x깊이): 400x115x110mm,25090
보랄 X10 BR-H490RV,"핸디스틱청소기 / 무선형 / 흡입전용 / 흡입력: 13000Pa / [구성] 바닥 / 틈새 / 거치대 / [배터리] 충전시간: 4시간30분 / 사용시간: 25분 / [성능] BLDC모터 / [부가] 먼지통용량: 0.3L / 색상: 화이트, 블루, 다크그린 / 무게: 1.4kg / 크기(가로x세로x깊이): 250x1105x90mm",88290
마끼다 DCL281FZW,핸디스틱청소기 / 무선형 / 흡입전용 / 흡입력: 8200Pa / [구성] 바닥 / 사용시간: 20분 / [성능] BLDC모터 / 헤파필터 / [부가] 먼지통용량: 0.75L / 색상: 화이트 / 무게: 1.6kg / 크기(가로x세로x깊이): 154x1016x113mm,135270
ANKER Eufy H30,"핸디청소기 / 무선형 / 흡입력: 80AW / 흡입력: 16000Pa / [구성] 솔형 / 틈새 / 거치대 / [배터리] 분리형 (1개) / 충전시간: 2시간30분 / 사용시간: 20분 / [성능] BLDC모터 / [부가] 먼지통용량: 0.25L / 색상: 블랙, 화이트 / 무게: 0.808kg / 크기(가로x세로x깊이): 90x425x73mm",94000
일렉트로룩스 ZB3301,핸디스틱청소기 / 무선형 / 흡입전용 / [구성] 바닥 / 틈새 / 거치대 / [배터리] 내장형 / 충전시간: 4시간 / 사용시간: 42분 / [성능] 4단계여과 / [기능] 브러쉬자동청소 / 셀프스탠딩 / LED라이트 / 배터리잔량표시 / [부가] 먼지통용량: 0.42L / 색상: 아이언그레이 / 무게: 2.88kg / 크기(가로x세로x깊이): 303x690x162mm,159000
블랙앤데커 TPD1420,핸디청소기 / 무선형 / 흡입전용 / 흡입력: 20AW / [구성] 바닥 / 솔형 / 틈새 / 연장툴 / [배터리] 충전시간: 4시간 / 사용시간: 11분 / [성능] 2단계여과 / [기능] 프리볼트 / [부가] 먼지통용량: 0.56L / 색상: 블랙 / 무게: 1.42kg / 크기(가로x세로): 190x215mm,76010
벨퍼포먼스 무선 핸디 미니 차량용 청소기 D2,"차량용청소기 / 무선 / 흡입력: 5,000Pa / 추가노즐: 틈새, 솔브러쉬, 연장호스 / 사용시간: 15분 / 충전시간: 2시간30분 / 크기: 300x70mm / 무게: 550g",46270
테팔 에어포스 라이트 TY6541KM,핸디스틱청소기 / 무선형 / 흡입전용 / [구성] 바닥 / [배터리] 충전시간: 5시간 / 사용시간: 30분 / [기능] 셀프스탠딩 / LED라이트 / 배터리잔량표시 / [부가] 색상: 퍼플 / 무게: 2.31kg,128000
삼성전자 비스포크 제트 AI VS28C973GSK,"핸디스틱청소기 / 무선형 / 흡입+물걸레겸용 / 흡입력: 280W / [구성] 바닥 / 물걸레 / 펫 / 침구 / 솔형 / 틈새 / 연장툴 / 일체형청정스테이션 / [배터리] 분리형 (2개) / 충전시간: 5시간 / 사용시간: 1시간20분 / [성능] 디지털인버터모터 / 5단계여과 / [기능] IoT기능 / 디스플레이표시창 / 먼지감지센서 / LED라이트 / 배터리잔량표시 / 자동먼지비움 / [부가] 먼지통용량: 0.5L / 색상: 새틴세이지그린 / 크기(가로x세로x깊이): 250x942x243mm / 출시가: 1,794,900원",1579990
신일전자 SVC-PB220WU,핸디스틱청소기 / 무선형 / 흡입전용 / [구성] 바닥 / 솔형 / 틈새 / 연장툴 / [배터리] 충전시간: 5시간 / 사용시간: 35분 / [성능] DC모터 / 4단계여과 / [기능] LED라이트 / 배터리잔량표시 / [부가] 색상: 레드+블랙 / 크기(가로x세로x깊이): 260x1170x230mm,91170
홈마블 H83,핸디청소기 / 무선형 / 흡입전용 / 흡입력: 8000Pa / [구성] 바닥 / 솔형 / 틈새 / 거치대 / [배터리] 내장형 / 충전시간: 5시간 / 사용시간: 28분 / [성능] DC모터 / 5단계여과 / [부가] 먼지통용량: 0.5L / 무게: 0.64kg / 크기(가로x세로x깊이): 75x435x75mm,45650
블랙앤데커 TPD1810BGEXT,핸디스틱청소기 / 무선형 / 흡입전용 / [구성] 바닥 / 틈새 / 연장툴 / 거치대 / [배터리] 충전시간: 4시간 / 사용시간: 13분29초 / [성능] 2단계여과 / [기능] 프리볼트 / [부가] 먼지통용량: 0.56L / 색상: 블랙 / 무게: 1.47kg / 크기(가로x세로x깊이): 130x235x150mm,114000
워터루핀 WT-N2020,"욕실청소기 / 무선형 / [구성] 거치대 / [배터리] 충전시간: 3시간 / 사용시간: 2시간 / [기능] 배터리잔량표시 / [부가] 색상: 화이트 / 무게: 0.76kg / 방수 / 브러쉬: 물걸레, 모서리, 원형, 평면, 스펀지, 광택",120000
휴스톰 무선 심플스핀 HS-1000,물걸레청소기 / 회전식 / 물걸레전용 / 무선형 / [배터리] 리튬이온 / 충전시간: 4시간 / 사용시간: 1시간 / [기능] 각도조절 / [부가] 색상: 블랙 / 무게: 1.6kg / 과충전방지 / 오토스토핑 / 패드: 극세사(벨크로형) / 크기(가로x세로x깊이): 290x1070x140mm,75640
다이슨 V11 220AW 컴플리트,핸디스틱청소기 / 무선형 / 흡입전용 / 흡입력: 220AW / [구성] 하이토크 / 소프트롤러 / 미니모터 / 솔형 / 더스팅 / 스터번더트 / 틈새 / 매트리스 / 거치대 / 도킹스테이션 / [배터리] 분리형 (1개) / 충전시간: 4시간30분 / 사용시간: 1시간 / [성능] 헤파필터 / [기능] 디스플레이표시창 / [부가] 먼지통용량: 0.54L / 색상: 니켈블루 / 무게: 2.95kg / 크기(가로x세로x깊이): 250x1280x261mm,1054750
핸디형 무선 청소기 SS-2000,"차량용청소기 / 무선 / 흡입력: 3,000Pa / 최대출력: 60W / 헤파필터 / 추가노즐: 틈새, 솔브러쉬 / 충전시간: 3시간 / 색상: 그린, 그레이 / 크기: 62.5x220mm / 무게: 345g",27140
삼성전자 에어본 VC-PS86,핸디스틱청소기 / 무선형 / 흡입전용 / [배터리] 충전시간: 5시간 / 사용시간: 15분 / [기능] 배터리잔량표시 / [부가] 색상: 에어본+내츄럴그레이 / 무게: 1.2kg / 크기(가로x세로x깊이): 119x121x410mm,122380
피앤지 와이드 스톰 차량용 청소기 PG-VC02,"차량용청소기 / 무선 / 흡입력: 8,000Pa / 최대출력: 120W / 헤파필터 / 추가노즐: 틈새, 솔브러쉬 / 사용시간: 20~30분 / 색상: 블랙, 화이트 / 충전시간: 3시간 / 충전방식: USB C타입 / 배터리용량: 2,000mAh / 크기: 200x160mm / 무게: 365g",34790
아이룸 제우스 i30,핸디스틱청소기 / 무선형 / 흡입+물걸레겸용 / 흡입력: 30000Pa / [구성] 바닥 / 물걸레 / 더스팅 / 틈새 / [배터리] 분리형 (1개) / 충전시간: 5시간 / 사용시간: 40분 / [성능] BLDC모터 / 헤파필터 / 3단계여과 / [기능] 셀프스탠딩 / [부가] 무게: 2.4kg / 크기(가로x세로x깊이): 250x1100x210mm,179000
예다움 제네스 H83BL,핸디스틱청소기 / 무선형 / 흡입전용 / 흡입력: 11500Pa / [구성] 바닥 / 침구 / 솔형 / 틈새 / 연장툴 / [배터리] 내장형 / 충전시간: 5시간 / 사용시간: 45분 / [성능] BLDC모터 / 헤파필터 / 5단계여과 / [부가] 먼지통용량: 0.5L / 색상: 화이트 / 무게: 0.55kg / 크기(가로x세로x깊이): 65x400x65mm,54050
샤오미 QUANGE QJ050101,물걸레청소기 / 회전식 / 물걸레전용 / 무선형 / [배터리] 리튬이온 / 충전시간: 2시간30분 / [기능] LED라이트 / 각도조절 / 걸레자동세척 / [부가] 색상: 화이트 / 무게: 2.4kg / 크기(가로x세로): 305x1124mm,68530
블랙앤데커 파워 익스트림 TBSV2020,"핸디스틱청소기 / 무선형 / 흡입전용 / 흡입력: 40AW / [구성] 바닥 / 침구 / 솔형 / 틈새 / 연장툴 / [배터리] 분리형 (1개) / 충전시간: 1시간 / 사용시간: 1시간 / [기능] 셀프스탠딩 / LED라이트 / 배터리잔량표시 / [부가] 먼지통용량: 0.75L / 색상: 블루, 오렌지 / 무게: 2.75kg / 크기(가로x세로x깊이): 283x1030x217mm",153930
다이슨 옴니 글라이드 컴플리트+,핸디스틱청소기 / 무선형 / 흡입전용 / 흡입력: 50AW / [구성] 전방향플러피 / 미니모터 / 솔형 / 틈새 / 긴틈새 / 서페이스 / 연장툴 / 거치대 / 도킹스테이션 / [배터리] 분리형 (1개) / 충전시간: 3시간30분 / 사용시간: 20분 / [성능] 헤파필터 / 5단계여과 / [부가] 먼지통용량: 0.2L / 색상: 골드 / 무게: 1.9kg / 버튼식 / 크기(가로x세로x깊이): 208x1077x92mm,538490
홈마블 H80,핸디청소기 / 무선형 / 흡입전용 / 흡입력: 6000Pa / [구성] 솔형 / 틈새 / 거치대 / [배터리] 충전시간: 5시간 / 사용시간: 30분 / [성능] BLDC모터 / 헤파필터 / 5단계여과 / [부가] 먼지통용량: 0.5L / 색상: 화이트 / 무게: 0.64kg / 크기(가로x세로x깊이): 65x400x65mm,49800
아이룸 RS1,핸디스틱청소기 / 무선형 / 흡입전용 / 흡입력: 25000Pa / [구성] 바닥 / 침구 / 솔형 / 틈새 / 연장툴 / 거치대 / [배터리] 충전시간: 4시간30분 / 사용시간: 40분 / [성능] 헤파필터 / 4단계여과 / [기능] 배터리잔량표시 / [부가] 먼지통용량: 0.8L / 색상: 레드 / 무게: 2.48kg / 크기(가로x세로x깊이): 230x1150x210mm,137990
비쎌(BISSELL) 크로스웨이브 3.0 맥스 2765S,물걸레청소기+스팀청소기 / 롤러식 / 물걸레+진공 / 무선형 / [배터리] 리튬이온 / 충전시간: 4시간 / 사용시간: 30분 / [기능] 물분사 / 각도조절 / 배터리잔량표시 / 거치대 / 걸레자동세척 / [부가] 물통용량: 0.83L / 색상: 화이트+블루 / 무게: 5.2kg / 크기(가로x세로x깊이): 260x1156x250mm,707130
웍스 WG630E,"업소용청소기 / 고압세척기 / 무선형 / [기능] BLDC모터 / 충전시간: 1시간15분 / 사용시간: 24분 / 작동압력: 25bar / 연장관 / [부가] 색상: 오렌지 / 무게: 2.5kg / 배터리잔량표시 / 브러쉬: 회오리노즐, 하부세척커넥터, 호스 / 크기(가로x세로x깊이): 92x12x22mm",147780
코슬리 스위트 KV-17IV,핸디스틱청소기 / 무선형 / 흡입전용 / 흡입력: 17000Pa / [구성] 바닥 / 솔형 / 틈새 / 거치대 / [배터리] 내장형 / [성능] BLDC모터 / 헤파필터 / [부가] 색상: 아이보리화이트 / 무게: 0.798kg / 크기(가로x세로x깊이): 65x400x65mm,89000
일렉트로룩스 에르고라피도 클래식 ZB3501EB,핸디스틱청소기 / 무선형 / 흡입전용 / [구성] 바닥 / 틈새 / 거치대 / [배터리] 내장형 / 충전시간: 4시간 / 사용시간: 30분 / [성능] 4단계여과 / [기능] 브러쉬자동청소 / 셀프스탠딩 / LED라이트 / 배터리잔량표시 / [부가] 먼지통용량: 0.42L / 색상: 에보니블랙 / 무게: 2.45kg / 크기(가로x세로x깊이): 299x689x165mm,182350
에어메이드 글라이드 AMC-2150,물걸레청소기 / 롤러식 / 물걸레전용 / 무선형 / [배터리] 충전시간: 4시간30분 / 사용시간: 30분 / [기능] 각도조절 / 거치대 / 걸레자동세척 / [부가] 무게: 3.26kg / 패드: 극세사 / 크기(가로x세로x깊이): 274x1130x174mm,216200
일렉트로룩스 에르고라피도 파워프로 ZB3414AK,핸디스틱청소기 / 무선형 / 흡입전용 / [구성] 바닥 / 침구 / 틈새 / 긴틈새 / 패브릭 / 연장툴 / 거치대 / [배터리] 내장형 / 충전시간: 4시간 / 사용시간: 48분 / [성능] 4단계여과 / [기능] 셀프스탠딩 / [부가] 먼지통용량: 0.42L / 색상: 소프트핑크 / 무게: 3.3kg,184990
오아 OA-CL010,"핸디스틱청소기 / 무선형 / 흡입전용 / 흡입력: 13000Pa / [구성] 바닥 / 솔형 / 틈새 / 연장툴 / [배터리] 충전시간: 2시간30분 / 사용시간: 25분 / [성능] BLDC모터 / 헤파필터 / [부가] 먼지통용량: 0.15L / 색상: 화이트, 블 / 무게: 0.512kg / 크기(가로x세로x깊이): 58x344x58mm",74900
LG전자 코드제로 A9 A9100N,핸디스틱청소기 / 무선형 / 흡입전용 / 흡입력: 140W / [구성] 바닥 / 솔형 / 틈새 / 거치대 / [배터리] 분리형 (1개) / 충전시간: 4시간 / 사용시간: 50분 / [성능] 인버터모터 / 헤파필터 / 5단계여과 / [기능] 물걸레(별도구매) / 배터리잔량표시 / [부가] 색상: 판타지실버 / 크기(가로x세로x깊이): 250x1120x260mm,567970
샤오미 미지아 WXCDJ01SWDK,물걸레청소기 / 왕복식 / 물걸레전용 / 무선형 / [배터리] 리튬이온 / 충전시간: 3시간 / 사용시간: 1시간 / [기능] 물분사 / LED라이트 / 각도조절 / 거치대 / [부가] 색상: 화이트 / 무게: 2.6kg / 크기(가로x세로x깊이): 296x1114x220mm,78883
아이코넬 차량용 청소기 ICL-V01 + 가정용 어댑터,"차량용청소기 / 유무선 / 12V / 흡입력: 5,000Pa / 최대출력: 120W / 헤파필터 / 스테인리스 필터 / 추가노즐: 틈새, 솔브러쉬, 연장호스 / 사용시간: 30분 / 코드길이: 4.5m / 색상: 네이비, 블랙 / 크기: 375x84x86mm",32760
경성오토비스 KAC-7000,물걸레청소기 / 왕복식 / 물걸레전용 / 무선형 / [배터리] 리튬이온 / 충전시간: 3시간 / 사용시간: 80분 / [기능] 각도조절 / 풋터치버튼 / [부가] 색상: 화이트 / 무게: 3.1kg / 패드: 극세사(벨크로형)  / 크기(가로x세로x깊이): 270x1180x270mm,127090
베이스어스 H5,핸디스틱청소기 / 무선형 / 흡입전용 / 흡입력: 16000Pa / [구성] 바닥 / 침구 / 솔형 / 틈새 / 연장툴 / 거치대 / [배터리] 내장형 / 사용시간: 30분,81490
캐치웰 미니제트,핸디스틱청소기 / 무선형 / 흡입전용 / 흡입력: 15000Pa / [구성] 바닥 / 틈새 / 패브릭 / 연장툴 / 거치대 / [배터리] 충전시간: 4시간 / 사용시간: 20분 / [성능] BLDC모터 / 헤파필터 / [기능] 프리볼트 / [부가] 먼지통용량: 0.1L / 색상: 화이트 / 무게: 0.575kg,89100
이고진 무동력 청소기,업소용청소기 / 건식 / 무선형 / [기능] 이동바퀴 / [부가] 탱크용량: 50L / 색상: 블루 / 무게: 25kg / 무전원 / 크기(가로x세로x깊이): 1050x1035x1300mm,190590
신일전자 SVC-R60BCK,핸디스틱청소기 / 무선형 / 흡입전용 / 흡입력: 6000Pa / [구성] 바닥 / 솔형 / 틈새 / 연장툴 / [배터리] 내장형 / 충전시간: 4시간 / 사용시간: 20분 / [성능] DC모터 / 헤파필터 / 3단계여과 / [기능] 배터리잔량표시 / [부가] 먼지통용량: 0.9L / 색상: 레드 / 무게: 0.75kg / 크기(가로x세로x깊이): 130x1130x70mm,49760
삼성전자 비스포크 제트 VS20A956A3P,핸디스틱청소기 / 무선형 / 흡입전용 / 흡입력: 210W / [구성] 바닥 / 솔형 / 틈새 / 연장툴 / 일체형청정스테이션 / [배터리] 분리형 (1개) / 충전시간: 3시간30분 / 사용시간: 1시간 / [성능] 디지털인버터모터 / 5단계여과 / [기능] 물걸레(별도구매) / 디스플레이표시창 / 자동물공급 / 배터리잔량표시 / 자동먼지비움 / [부가] 먼지통용량: 0.5L / 물통용량: 0.15L / 색상: 미드나잇블루 / 무게: 2.5kg / 크기(가로x세로x깊이): 250x930x202mm,506540
샤오미 지미 JV85 프로,핸디스틱청소기 / 무선형 / 흡입전용 / 흡입력: 200AW / 흡입력: 25000Pa / [구성] 바닥 / 침구 / 솔형 / 더스팅 / 틈새 / 연장툴 / 거치대 / [배터리] 분리형 (1개) / 충전시간: 4시간30분 / 사용시간: 1시간10분 / [성능] 헤파필터 / [기능] 배터리잔량표시 / [부가] 먼지통용량: 0.6L / 색상: 퍼플,138220
JONR XQ02E,물걸레청소기 / 롤러식 / 물걸레+진공 / 무선형 / [배터리] 충전시간: 5시간 / 사용시간: 35분 / [기능] 흡입력: 13000Pa / BLDC모터 / 물분사 / 배터리잔량표시 / 걸레자동세척 / [부가] 물통용량: 0.5L / 무게: 4.41kg / 크기(가로x세로x깊이): 260x1130x216mm,219100
신일전자 SVC-D950GK,핸디청소기 / 무선형 / 흡입전용 / [구성] 솔형 / 틈새 / 거치대 / [배터리] 충전시간: 5시간30분 / 사용시간: 16분 / [성능] 2단계여과 / [기능] 프리볼트 / [부가] 무게: 1.74kg / 건습식 / 크기(가로x세로x깊이): 414x120x118mm,47930
앱코 오엘라 HV01,핸디청소기 / 무선형 / 흡입전용 / 흡입력: 12000Pa / [구성] 솔형 / 틈새 / 거치대 / [배터리] 사용시간: 35분 / [성능] 헤파필터 / [기능] 프리볼트 / [부가] 색상: 네이비 / 무게: 0.8kg / 크기(가로x세로x깊이): 80x400x80mm,49000
테팔 엑스퍼트 3.60 TY6974,핸디스틱청소기 / 무선형 / 흡입전용 / [구성] 바닥 / 솔형 / 틈새 / 매트리스 / 거치대 / [배터리] 분리형 (1개) / 충전시간: 5시간 / 사용시간: 45분 / [성능] DC모터 / [기능] LED라이트 / 배터리잔량표시 / 프리볼트 / [부가] 먼지통용량: 0.5L / 색상: 블랙+옐로우 / 무게: 2.2kg,186470
샤오미 드리미 T10,핸디스틱청소기 / 무선형 / 흡입전용 / 흡입력: 120AW / 흡입력: 20000Pa / [구성] 바닥 / 솔형 / 틈새 / 패브릭 / 연장툴 / 거치대 / [배터리] 분리형 (1개) / 충전시간: 3시간30분 / 사용시간: 1시간 / [성능] BLDC모터 / 헤파필터 / 5단계여과 / [부가] 먼지통용량: 0.6L / 색상: 화이트 / 무게: 1.65kg,199000
샤오미 유핀 CL99,핸디스틱청소기 / 무선형 / 흡입전용 / [배터리] 충전시간: 4시간 / 사용시간: 50분 / [부가] 색상: 화이트 / 무게: 1.1kg,34270
DIBEA 차이슨 ALLNEW22000 (2022년형),핸디스틱청소기 / 무선형 / 흡입전용 / 흡입력: 35000Pa / [구성] 바닥 / 침구 / 솔형 / 틈새 / 연장툴 / 거치대 / [배터리] 내장형 / 충전시간: 4~5시간 / 사용시간: 40분 / [성능] BLDC모터 / 헤파필터 / 4단계여과 / [기능] 물걸레(별도구매) / LED라이트 / 배터리잔량표시 / [부가] 먼지통용량: 0.55L / 색상: 플레임오렌지 / 무게: 2.2kg / 크기(가로x세로x깊이): 240x1040x212mm,199000
샤오미 미지아 B201CN,핸디스틱청소기 / 무선형 / 흡입+물걸레겸용 / [구성] 바닥 / 솔형 / 틈새 / [배터리] 내장형 / 사용시간: 40분 / 3단계여과 / [부가] 먼지통용량: 0.3L / 무게: 1.09kg / 크기(가로x세로x깊이): 240x1100x125mm,129630
모모픽 MAX300,핸디스틱청소기 / 무선형 / 흡입전용 / 흡입력: 30000Pa / [구성] 바닥 / 카펫 / 솔형 / 틈새 / 거치대 / [배터리] 내장형 / 충전시간: 5시간 / 사용시간: 40분 / [성능] BLDC모터 / 헤파필터 / 4단계여과 / [기능] 물걸레(별도구매) / 디스플레이표시창 / LED라이트 / 배터리잔량표시 / [부가] 먼지통용량: 0.8L / 색상: 화이트 / 무게: 1.8kg / 크기(가로x세로x깊이): 230x1060x200mm,178000
일렉트로룩스 ZB6218STM,핸디청소기 / 무선형 / 흡입전용 / [구성] 거치대 / [배터리] 내장형 / 충전시간: 4시간 / 사용시간: 30분 / [성능] 3단계여과 / [부가] 먼지통용량: 0.5L / 색상: 스페이스틸메탈릭 / 무게: 1.19kg / 크기(가로x세로x깊이): 124x137x410mm,137700
에어그립 차량용 무선진공청소기 라이트 KA-377,"차량용청소기 / 무선 / 흡입력: 5,500Pa / 헤파필터 / 추가노즐: 솔브러쉬, 연장호스 / LED라이트 / 충전방식: USB C타입 / 배터리용량: 2,000mAh / 크기: 167mmx55mmx146mm / 무게: 300g",28960
삼성전자 비스포크 슬림 VS15A680AF,스틱청소기 / 무선형 / 흡입전용 / 흡입력: 150W / [구성] 바닥 / 틈새 / [배터리] 내장형 / 충전시간: 4시간 / 사용시간: 50분 / [성능] 디지털인버터모터 / 5단계여과 / [기능] 물걸레(별도구매) / IoT기능 / 셀프스탠딩 / LED라이트 / [부가] 먼지통용량: 0.3L / 색상: 그리너리 / 무게: 2.6kg / 크기(가로x세로x깊이): 250x1143x194mm,315380
일렉트로룩스 퓨어 Q9 파워프로 PQ92-3EMF,핸디스틱청소기 / 무선형 / 흡입전용 / [구성] 바닥 / 솔형 / 틈새 / 긴틈새 / 거치대 / [배터리] 내장형 / 충전시간: 4시간 / 사용시간: 53분 / [성능] 5단계여과 / [기능] 셀프스탠딩 / LED라이트 / [부가] 먼지통용량: 0.3L / 색상: 마호가니브론즈 / 무게: 2.89kg / 크기(가로x세로x깊이): 256x1097x155mm,344420
테팔 엑스퍼트 3.60 플러피 TY6964,핸디스틱청소기 / 무선형 / 흡입전용 / [구성] 바닥 / 솔형 / 틈새 / 거치대 / [배터리] 분리형 (1개) / 충전시간: 5시간 / 사용시간: 45분 / [기능] LED라이트 / [부가] 먼지통용량: 0.5L / 무게: 2.4kg,280200
아이룸 트윈파워 MAX,핸디스틱청소기 / 무선형 / 흡입전용 / [구성] 바닥 / 침구 / 솔형 / 틈새 / 거치대 / [배터리] 내장형 / [성능] BLDC모터 / 헤파필터 / 5단계여과 / [기능] 디스플레이표시창 / 먼지감지센서 / [부가] 무게: 1.5kg,145000
한경희생활과학 아쿠아젯 듀얼스핀 HIA-C200,물걸레청소기 / 회전식 / 물걸레전용 / 무선형 / [배터리] 충전시간: 6시간 / 사용시간: 2시간 / [기능] 물분사 / LED라이트 / 각도조절 / 셀프스탠딩 / 풋터치버튼 / [부가] 물통용량: 0.4L / 색상: 화이트 / 패드: 극세사(벨크로형) / 크기(가로x세로x깊이): 320x1160x195mm,119000
비브르 스톰파워 VE12,핸디스틱청소기 / 무선형 / 흡입전용 / 흡입력: 12000Pa / [구성] 바닥 / 침구 / 솔형 / 틈새 / 연장툴 / [배터리] 충전시간: 4~5시간 / 사용시간: 40분 / [성능] 헤파필터 / [기능] 셀프스탠딩 / LED라이트 / [부가] 먼지통용량: 0.8L / 무게: 2.3kg,117900
삼성전자 제트 VS20T9258SDCC,핸디스틱청소기 / 무선형 / 흡입+물걸레겸용 / 흡입력: 200W / [구성] 바닥 / 물걸레 / 침구 / 솔형 / 틈새 / 연장툴 / 거치대 / 청정스테이션 / [배터리] 분리형 (2개) / 충전시간: 3시간30분 / 사용시간: 1시간 / [성능] 인버터모터 / 헤파필터 / 5단계여과 / [기능] 디스플레이표시창 / 프리볼트 / [부가] 먼지통용량: 0.5L / 색상: 티탄+그레이 / 무게: 2.64kg / 크기(가로x세로x깊이): 250x1123x215mm,548870
샤오미 드리미 건습식 W10 Pro,물걸레청소기 / 롤러식 / 물걸레+진공 / 무선형 / [배터리] 사용시간: 35분 / [기능] 각도조절 / 셀프스탠딩 / 배터리잔량표시 / 걸레자동세척 / [부가] 물통용량: 0.75L / 색상: 화이트 / 무게: 5.4kg / 크기(가로x세로x깊이): 250x1100x250mm,428000
마이프랜드 아백 무선 청소기,"차량용청소기 / 무선 / 흡입력: 6,000Pa / 3중필터 / 헤파필터 / 사용시간: 20분 / 충전시간: 4시간 / 충전방식: USB C타입 / 크기:295x150mm / 무게: 450g / 색상: 오렌지, 퍼플",37940
모모픽 MAX200,핸디스틱청소기 / 무선형 / 흡입전용 / 흡입력: 20000Pa / [구성] 바닥 / 솔형 / 틈새 / 거치대 / [배터리] 내장형 / 충전시간: 5시간 / 사용시간: 40분 / [성능] BLDC모터 / 헤파필터 / 4단계여과 / [기능] 물걸레(별도구매) / LED라이트 / 배터리잔량표시 / [부가] 먼지통용량: 0.6L / 색상: 화이트 / 무게: 1.8kg / 크기(가로x세로x깊이): 230x1060x200mm,138000
SooPii 차량용 무선 에어건 겸용 청소기 BV01 전용필터,차량용청소기 / 필터 / 헤파필터,1960
LG전자 오브제컬렉션 코드제로 A9S AU9882WD + MO971WA,핸디/스틱청소기+로봇청소기세트 / 무선형 / 흡입+물걸레겸용 / 흡입력: 220W / [구성] 와이드바닥 / 스팀물걸레 / 솔형 / 틈새 / 올인원타워 / [배터리] 분리형 (2개) / 충전시간: 4시간 / 사용시간: 1시간 / [성능] 스마트인버터모터 / 헤파필터 / 5단계여과 / [기능] IoT기능 / 디스플레이표시창 / 자동물공급 / LED라이트 / 자동먼지비움 / [부가] 색상: 카밍베이지 / 무게: 2.7kg / 크기(가로x세로x깊이): 300x1120x260mm / ※ 상품 옵션 확인 후 구매,1818070
듀플렉스 DP-485VC,핸디청소기 / 무선형 / 흡입전용 / [구성] 솔형 / 틈새 / [성능] 2단계여과 / [부가] 색상: 화이트+블루 / 무게: 1.5kg / 크기(가로x세로x깊이): 100x360x100mm,25000
작스제로 XAX 0,핸디스틱청소기 / 무선형 / 흡입+물걸레겸용 / 흡입력: 29000Pa / [구성] 바닥 / 물걸레 / 침구 / 솔형 / 틈새 / 거치대 / [배터리] 분리형 (1개) / 충전시간: 5시간 / 사용시간: 40분 / [성능] BLDC모터 / 헤파필터 / 5단계여과 / [부가] 먼지통용량: 0.8L / 색상: 블루 / 무게: 1.5kg / 크기(가로x세로x깊이): 255x1170x235mm,271810
카렉스 파워스톰 스윙 무선 청소기 S2,"차량용청소기 / 무선 / 흡입력: 5,000Pa / 헤파필터 / 추가노즐: 틈새, 솔브러쉬 / LED라이트 / 사용시간: 30분 / 충전시간: 3시간 / 충전방식: USB C타입 / 배터리용량: 2,000mAh",27810
LG전자 오브제컬렉션 코드제로 A9 AU9472WD,핸디스틱청소기 / 무선형 / 흡입전용 / 흡입력: 220W / [구성] 바닥 / 물걸레 / 침구 / 솔형 / 틈새 / 올인원타워 / [배터리] 분리형 (1개) / 충전시간: 4시간 / 사용시간: 1시간 / [성능] 스마트인버터모터 / 헤파필터 / 5단계여과 / [기능] IoT기능 / 디스플레이표시창 / 자동물공급 / LED라이트 / 자동먼지비움 / [부가] 색상: 카밍베이지 / 무게: 2.5kg / 크기(가로x세로x깊이): 250x1120x260mm / 올인원타워 1.0,1101950
LG전자 오브제컬렉션 코드제로 A9S AU9982GD + MO971GA,핸디/스틱청소기+로봇청소기세트 / 무선형 / 흡입+물걸레겸용 / 흡입력: 220W / [구성] 와이드바닥 / 스팀물걸레 / 침구 / 솔형 / 틈새 / 올인원타워 / [배터리] 분리형 (2개) / 충전시간: 4시간 / 사용시간: 1시간 / [성능] 스마트인버터모터 / 헤파필터 / 5단계여과 / [기능] IoT기능 / 디스플레이표시창 / 자동물공급 / LED라이트 / 자동먼지비움 / [부가] 색상: 카밍그린 / 무게: 2.7kg / 크기(가로x세로x깊이): 300x1120x260mm / ※ 상품 옵션 확인 후 구매,1768690
LG전자 코드제로 A9S AT9300IA,핸디스틱청소기 / 무선형 / 흡입전용 / 흡입력: 200W / [구성] 바닥 / 침구 / 솔형 / 틈새 / 올인원타워 / [배터리] 분리형 (1개) / 충전시간: 4시간 / 사용시간: 1시간 / [성능] 스마트인버터모터 / 분리형배기필터 / 헤파필터 / 5단계여과 / [기능] 물걸레(별도구매) / IoT기능 / 자동물공급 / 배터리잔량표시 / 자동먼지비움 / [부가] 색상: 아이언그레이+딥그레이 / 무게: 2.6kg / 크기(가로x세로x깊이): 250x1120x260mm,699390
보만 VC7210,핸디스틱청소기 / 무선형 / 흡입전용 / [구성] 바닥 / 틈새 / 연장툴 / [배터리] 충전시간: 10시간 / 사용시간: 10~15분 / 헤파필터 / [부가] 색상: 블랙+오렌지 / 무게: 0.8kg / 크기(가로x세로x깊이): 145x440x115mm,49790
샤오미 미지아 K10 프로,핸디스틱청소기 / 무선형 / 흡입전용 / 흡입력: 150AW / [구성] 바닥 / 물걸레 / 침구 / 솔형 / 틈새 / 연장툴 / 거치대 / [배터리] 분리형 (1개) / 충전시간: 4시간 / 사용시간: 1시간5분 / [성능] BLDC모터 / 헤파필터 / 5단계여과 / [기능] 디스플레이표시창 / 먼지감지센서 / [부가] 먼지통용량: 0.5L / 물통용량: 0.4L,348990
한샘 스톰건 V12 VC-R201,핸디스틱청소기 / 무선형 / 흡입전용 / 흡입력: 20000Pa / [구성] 바닥 / 침구 / 솔형 / 틈새 / 연장툴 / 거치대 / [배터리] 충전시간: 4~5시간 / 사용시간: 35분 / [성능] BLDC모터 / 3단계여과 / LED라이트 / [부가] 먼지통용량: 0.6L / 색상: 블루 / 무게: 2.5kg / 크기(가로x세로x깊이): 210x1040x104mm,107000
카렉스 파워스톰 텀블러 차량용 무선청소기 S8A,"차량용청소기 / 무선 / 흡입력: 5,500Pa / 헤파필터 / 추가노즐: 틈새, 솔브러쉬 / 충전시간: 3시간 / 크기: 270x55mm / 배터리 용량: 2,600mAh",28300
블랙앤데커 리비바 REVHV8C,핸디청소기 / 무선형 / 흡입전용 / [구성] 솔형 / 틈새 / [배터리] 내장형 / 충전시간: 6시간 / 사용시간: 22분 / [부가] 먼지통용량: 0.125L,79000
밀라디 MLD-VC2022,핸디청소기 / 무선형 / 흡입전용 / 흡입력: 13000Pa / [구성] 바닥 / 솔형 / 틈새 / 거치대 / [배터리] 충전시간: 5시간 / 사용시간: 28분 / [성능] BLDC모터 / 헤파필터 / 2단계여과 / [부가] 먼지통용량: 0.09L / 무게: 0.52kg,77680
에어메이드 THE 500+ AMC-4500,핸디스틱청소기 / 무선형 / 흡입전용 / [구성] 바닥 / 침구 / 솔형 / 더스팅 / 틈새 / 연장툴 / 업탑어댑터 / 거치대 / [배터리] 충전시간: 4시간30분 / 사용시간: 1시간 / [성능] BLDC모터 / 헤파필터 / 4단계여과 / [기능] 프리볼트 / [부가] 색상: 화이트 / 무게: 2.3kg / 크기(가로x세로x깊이): 256x1243x133mm,249000
일렉트로룩스 얼티밋홈 700 EFS71423,핸디스틱청소기 / 무선형 / 흡입+물걸레겸용 / [구성] 바닥 / 물걸레 / 솔형 / 틈새 / 긴틈새 / 연장툴 / 거치대 / [배터리] 내장형 / 충전시간: 4시간30분 / 사용시간: 53분 / [성능] 듀얼헤파필터 / 5단계여과 / [기능] 셀프스탠딩 / LED라이트 / [부가] 먼지통용량: 0.3L / 색상: 다크그레이 / 무게: 2.97kg / 크기(가로x세로x깊이): 256x1097x155mm,569860
오토반 썬더 2in1 차량용 무선 청소기 AW-Z9735,"차량용청소기 / 무선 / 흡입력: 15,000Pa / 최대출력: 80W / 추가노즐: 틈새 / 사용시간: ~40분 / 충전시간: ~4.5시간 / 무게: 530g / 색상: 화이트, 블랙",85400
보랄 큐텐 BR-Q390RV,"핸디스틱청소기 / 무선형 / 흡입전용 / [구성] 바닥 / 솔형 / 틈새 / 연장툴 / [배터리] 사용시간: 30분 / [성능] 헤파필터 / 2단계여과 / [기능] 셀프스탠딩 / LED라이트 / 프리볼트 / [부가] 색상: 블랙, 화이트 / 크기(가로x세로x깊이): 125x510x110mm",62800
블랙앤데커 PV1420C,핸디청소기 / 무선형 / 흡입전용 / [구성] 거치대 / [배터리] 충전시간: 4시간 / 사용시간: 11분 / [기능] 프리볼트 / [부가] 색상: 샴페인 / 무게: 1.33kg / 피벗노즐 / 크기(가로x세로x깊이): 270x170x140mm,76000
신일전자 SVC-DC2200SK,핸디스틱청소기 / 무선형 / 흡입전용 / [구성] 바닥 / 솔형 / 틈새 / 연장툴 / [배터리] 충전시간: 4~5시간 / 사용시간: 35분 / 헤파필터 / [기능] 프리볼트 / [부가] 먼지통용량: 0.5L / 무게: 1.5kg / 크기(가로x세로x깊이): 230x1040x210mm,125400
샤오미 드리미 H12,"물걸레청소기 / 롤러식 / 물걸레+진공 / 무선형 / [배터리] 충전시간: 5시간 / 사용시간: 30분 / [기능] 흡입력: 16000Pa / 셀프스탠딩 / 배터리잔량표시 / 걸레자동세척 / 물통용량: 정수: 0.5L, 오수: 0.9L / 무게: 4.75kg / 크기(가로x세로x깊이): 290x1100x230mm",499000
코코민트 트윈파워 OP-030,핸디스틱청소기 / 무선형 / 흡입전용 / 흡입력: 200W / 흡입력: 23000Pa / [구성] 바닥 / 솔형 / 틈새 / 거치대 / [배터리] 분리형 (1개) / 충전시간: 4시간 / 사용시간: 40분 / [성능] BLDC모터 / 헤파필터 / 4단계여과 / [기능] LED라이트 / 배터리잔량표시 / [부가] 무게: 1kg / 크기(가로x세로x깊이): 200x1150x120mm,127980
자이로콥 GC-510WT,물걸레청소기 / 회전식 / 물걸레전용 / 무선형 / [배터리] 리튬이온 / 충전시간: 4시간30분 / 사용시간: 40분 / [기능] DC모터 / 물분사 / LED라이트 / 각도조절 / 셀프스탠딩 / [부가] 물통용량: 0.23L / 색상: 화이트 / 무게: 2.5kg / 크기(가로x세로x깊이): 370x1200x180mm,103990
리빙조이 차량용 무선청소기 H1 PLUS,"차량용청소기 / 무선 / 흡입력: 13,000Pa / 최대출력: 120W / 2중필터 / 헤파필터 / 스테인리스 필터 / 추가노즐: 틈새, 솔브러쉬 / 싸이클론 / 사용시간: 30분 / 충전시간: 4~5시간 / 색상: 블랙, 화이트 / 크기: 410x70mm / 무게: 550g",97000
베이스어스 차량용 무선 진공 청소기 A2 Pro (해외구매),"차량용청소기 / 무선 / 흡입력: 6,000Pa / 최대출력: 80W / 색상: 블랙, 화이트, 블루 / 120ml 먼지통 / 무게: 약 508g",39970
일렉트로룩스 에르고라피도 ZB3311,핸디스틱청소기 / 무선형 / 흡입전용 / [구성] 바닥 / 틈새 / 거치대 / [배터리] 내장형 / 충전시간: 4시간 / 사용시간: 48분 / [성능] 4단계여과 / [기능] 브러쉬자동청소 / 셀프스탠딩 / LED라이트 / 배터리잔량표시 / [부가] 먼지통용량: 0.42L / 색상: 타이탄블루 / 무게: 3.01kg / 크기(가로x세로x깊이): 303x690x162mm,238990
기펠 듀얼 글라이드 360 P11,핸디스틱청소기 / 무선형 / 흡입전용 / 흡입력: 23000Pa / [구성] 바닥 / 솔형 / 틈새 / 거치대 / [배터리] 분리형 (1개) / 충전시간: 4시간 / 사용시간: 30분 / [성능] BLDC모터 / 헤파필터 / 3단계여과 / [부가] 무게: 2.5kg / 크기(가로x세로x깊이): 250x1045x240mm,427800
케이디와이 휴대용 미니청소기 KPV-3525,"차량용청소기 / 필터 / 무선 / 흡입력: 2,700Pa / 최대출력: 45W / 헤파필터 / 추가노즐: 틈새, 솔브러쉬, 연장호스 / 사용시간: 25분 / 충전방식: USB타입 / 충전시간: 3.5시간 / 크기: 83x83x293mm / 무게: 660g",27370
다이슨 V15 디텍트 앱솔루트 엑스트라,핸디스틱청소기 / 무선형 / 흡입전용 / 흡입력: 240AW / [구성] 레이저슬림플러피 / 하이토크 / 헤어스크류 / 솔형 / 더스팅 / 스터번더트 / 틈새 / 업탑어댑터 / 거치대 / 도킹스테이션 / [배터리] 분리형 (1개) / 충전시간: 4시간30분 / 사용시간: 1시간 / [성능] 헤파필터 / [기능] 디스플레이표시창 / 먼지감지센서 / [부가] 먼지통용량: 0.54L / 색상: 옐로우/아이언/니켈 / 무게: 3kg / 크기(가로x세로x깊이): 250x1086x250mm,1190000
스위스밀리터리 에어슬림 SMA-BV2200,핸디스틱청소기 / 무선형 / 흡입전용 / 흡입력: 17000Pa / [구성] 바닥 / 침구 / 틈새 / 연장툴 / 거치대 / [배터리] 충전시간: 5시간 / 사용시간: 30분 / [성능] BLDC모터 / 헤파필터 / 3단계여과 / [기능] LED라이트 / 배터리잔량표시 / [부가] 먼지통용량: 0.4L / 에어컴프레셔 / 크기(가로x세로x깊이): 80x1040x190mm,195000
아이닉 i20,핸디스틱청소기 / 무선형 / 흡입전용 / 흡입력: 25000Pa / [구성] 바닥 / [배터리] 분리형 (1개) / 충전시간: 5시간 / 사용시간: 50분 / [성능] 헤파필터 / [부가] 먼지통용량: 0.5L / 색상: 블랙 / 무게: 2.5kg / 크기(가로x세로x깊이): 241x1144x211mm,199000
쿠쿠전자 파워클론 CVC-AE1420,핸디스틱청소기 / 무선형 / 흡입전용 / 흡입력: 140AW / [구성] 바닥 / 침구 / 틈새 / 거치대 / [배터리] 분리형 (1개) / 사용시간: 35분 / [성능] BLDC모터 / 5단계여과 / [기능] 디스플레이표시창 / 먼지감지센서 / [부가] 색상: 노블화이트 / 무게: 3.1kg / 크기(가로x세로x깊이): 240x1168x260mm,240870
보아르 포스 B25 Pro,핸디스틱청소기 / 무선형 / 흡입+물걸레겸용 / 흡입력: 30000Pa / [구성] 바닥 / 물걸레 / 솔형 / 틈새 / 연장툴 / 거치대 / [배터리] 분리형 (1개) / 충전시간: 5시간 / 사용시간: 1시간 / [성능] BLDC모터 / 헤파필터 / 3단계여과 / [기능] 디스플레이표시창 / 먼지감지센서 / LED라이트 / 배터리잔량표시 / [부가] 먼지통용량: 0.8L / 색상: 화이트 / 무게: 1.43kg / 크기(가로x세로x깊이): 250x1080x106mm,198000
디티 핸디형 미니 무선청소기 DT-CV200,"차량용청소기 / 무선 / 흡입력: 5,500Pa / 최대출력: 120W / 추가노즐: 틈새, 솔브러쉬 / LED라이트 / 충전방식: USB C타입 / 배터리용량: 2,000mAh / 크기: 164x147x55mm / 무게: 350g",22850
일렉트로룩스 ZB3302AK,핸디스틱청소기 / 무선형 / 흡입전용 / [구성] 바닥 / 침구 / 틈새 / 긴틈새 / 패브릭 / 연장툴 / 거치대 / [배터리] 내장형 / 충전시간: 4시간 / 사용시간: 42분 / [성능] 4단계여과 / [기능] 브러쉬자동청소 / 셀프스탠딩 / LED라이트 / 배터리잔량표시 / [부가] 먼지통용량: 0.42L / 색상: 스페이스틸 / 무게: 3.22kg / 크기(가로x세로x깊이): 303x690x162mm,189000
샤오미 CLEANFLY 차량용 무선 청소기 H1 (해외구매),"차량용청소기 / 무선 / 흡입력: 16,800Pa / 최대출력: 120W / 2중필터 / 사용시간: 30분 / 충전방식: USB C타입 / 색상: 블랙, 화이트 / 크기: 369x72mm / 무게: 560g",50650
네오비즈 미라스 FX-178VC,핸디청소기 / 무선형 / 흡입전용 / [구성] 거치대 / [배터리] [부가] 먼지통용량: 0.35L / 색상: 화이트 / 무게: 0.8kg / 크기(가로x세로x깊이): 77x410x100mm,29610
시프이컴 핸디형 차량용 무선 청소기 DK-X112,"차량용청소기 / 무선 / 흡입력: 5200Pa / 추가노즐: 솔브러쉬, 연장호스 / 사용시간: 22분 / 크기: 277x72mm / 무게: 560g",50890
ZHENHUI 미니 진공 차량용 무선 청소기 (해외구매),"차량용청소기 / 무선 / 흡입력: 6,000Pa / 최대출력: 120W / 헤파필터 / 추가노즐: 틈새, 솔브러쉬, 연장호스 / 사용시간: 20~30분 / 색상: 퍼플, 옐로우 / 크기: 350x80x120mm",17720
신일전자 SDC-W8000NK,물걸레청소기 / 회전식 / 물걸레전용 / 무선형 / [배터리] 리튬이온 / 충전시간: 3시간 / 사용시간: 30분 / [기능] LED라이트 / 각도조절 / 셀프스탠딩 / 배터리잔량표시 / [부가] 색상: 화이트 / 무게: 3kg / 패드: 극세사(벨크로형) / 크기(가로x세로x깊이): 410x1230x215mm,163000
로헨 L30,핸디스틱청소기 / 무선형 / 흡입전용 / 흡입력: 35000Pa / [구성] 바닥 / 침구 / 솔형 / 틈새 / 거치대 / [배터리] 분리형 (1개) / 충전시간: 5시간 / 사용시간: 50분 / [성능] 듀얼헤파필터 / 5단계여과 / 물걸레(별도구매) / [부가] 먼지통용량: 0.5L / 무게: 2.5kg / 크기(가로x세로x깊이): 241x1144x211mm,169000
유피 무선 차량 청소기 H20,"차량용청소기 / 무선 / 흡입력: 14,000Pa / 추가노즐: 틈새, 솔브러쉬 / 사용시간: ~30분 / 배터리용량: 2,000mAh / 무게: 590g / 색상: 블랙, 화이트",125390
삼성전자 비스포크 제트 VS20A957E2,핸디스틱청소기 / 무선형 / 흡입+물걸레겸용 / 흡입력: 210W / [구성] 바닥 / 물걸레 / 침구 / 솔형 / 틈새 / 일체형청정스테이션 / [배터리] 분리형 (2개) / 충전시간: 3시간30분 / 사용시간: 1시간 / [성능] 디지털인버터모터 / 5단계여과 / [기능] 디스플레이표시창 / 자동물공급 / 배터리잔량표시 / 자동먼지비움 / [부가] 먼지통용량: 0.5L / 색상: 미스티화이트 / 무게: 2.5kg / 크기(가로x세로x깊이): 250x930x202mm,708990
삼성전자 제트 VS20T9253QD,핸디스틱청소기 / 무선형 / 흡입전용 / 흡입력: 200W / [구성] 바닥 / 솔형 / 틈새 / 연장툴 / 거치대 / [배터리] 분리형 (2개) / 충전시간: 3시간30분 / 사용시간: 1시간 / [성능] 인버터모터 / 헤파필터 / 5단계여과 / [기능] 디스플레이표시창 / 프리볼트 / [부가] 먼지통용량: 0.5L / 색상: 티탄+그레이 / 무게: 2.64kg / 크기(가로x세로x깊이): 250x1123x215mm,417600
샤오미 미홀 H17 Pro,물걸레청소기 / 롤러식 / 물걸레+진공 / 무선형 / [배터리] 리튬이온 (분리형) / 충전시간: 3시간 / 사용시간: 30분 / [기능] 흡입력: 10000Pa / BLDC모터 / LED라이트 / 배터리잔량표시 / 걸레자동세척 / [부가] 물통용량: 0.8L / 무게: 4.8kg / 크기(가로x세로x깊이): 286x1100x256mm,215100
LG전자 오브제컬렉션 코드제로 A9S AT9271,핸디스틱청소기 / 무선형 / 흡입+물걸레겸용 / 흡입력: 210W / [구성] 바닥 / 물걸레 / 솔형 / 틈새 / 올인원타워 / [배터리] 분리형 (1개) / 충전시간: 4시간 / 사용시간: 1시간 / [성능] 스마트인버터모터 / 분리형배기필터 / 헤파필터 / 5단계여과 / [기능] IoT기능 / 자동물공급 / 배터리잔량표시 / 자동먼지비움 / [부가] 색상: 카밍베이지 / 무게: 2.6kg / 크기(가로x세로x깊이): 250x1120x260mm,875970
